{"type": "FeatureCollection", "features": [{"type": "Feature", "properties": {"name": "Rua Sofia Heinke Erdmman - Bairro S\u00e3o Luis", "description": "<html xmlns:fo=\"http://www.w3.org/1999/XSL/Format\" xmlns:msxsl=\"urn:schemas-microsoft-com:xslt\">\n\n<head>\n\n<META http-equiv=\"Content-Type\" content=\"text/html\">\n\n<meta http-equiv=\"content-type\" content=\"text/html; charset=UTF-8\">\n\n</head>\n\n<body style=\"margin:0px 0px 0px 0px;overflow:auto;background:#FFFFFF;\">\n\n<table style=\"font-family:Arial,Verdana,Times;font-size:12px;text-align:left;width:100%;border-collapse:collapse;padding:3px 3px 3px 3px\">\n\n<tr style=\"text-align:center;font-weight:bold;background:#9CBCE2\">\n\n<td>ES</td>\n\n</tr>\n\n<tr>\n\n<td>\n\n<table style=\"font-family:Arial,Verdana,Times;font-size:12px;text-align:left;width:100%;border-spacing:0px; padding:3px 3px 3px 3px\">\n\n<tr>\n\n<td>FID</td>\n\n<td>0</td>\n\n</tr>\n\n<tr bgcolor=\"#D4E4F3\">\n\n<td>UF</td>\n\n<td>ES</td>\n\n</tr>\n\n<tr>\n\n<td>MUNIC</td>\n\n<td>Santa Maria deJetib\u00e1</td>\n\n</tr>\n\n<tr bgcolor=\"#D4E4F3\">\n\n<td>LOCAL</td>\n\n<td>Bairro S\u00e3o Luis</td>\n\n</tr>\n\n<tr>\n\n<td>DATA_SETOR</td>\n\n<td>01/01/2012</td>\n\n</tr>\n\n<tr bgcolor=\"#D4E4F3\">\n\n<td>NUM_SETOR</td>\n\n<td>ES_SM_SR_01_CPRM</td>\n\n</tr>\n\n<tr>\n\n<td>TIPOLOGIA</td>\n\n<td>Escorregamento Planar</td>\n\n</tr>\n\n<tr bgcolor=\"#D4E4F3\">\n\n<td>SITUACAO</td>\n\n<td></td>\n\n</tr>\n\n<tr>\n\n<td>DESCRICAO</td>\n\n<td>Deslizamento planar, em raz\u00e3o da execu\u00e7\u00e3o de taludes cortes muito altos e verticalizados, que atingem horizontes de solos geotecnicamente problem\u00e1ticos em solos argilosos muito pouco perme\u00e1veis.</td>\n\n</tr>\n\n<tr bgcolor=\"#D4E4F3\">\n\n<td>NUM_MORAD</td>\n\n<td>50</td>\n\n</tr>\n\n<tr>\n\n<td>NUM_PESS</td>\n\n<td>200</td>\n\n</tr>\n\n<tr bgcolor=\"#D4E4F3\">\n\n<td>OBS_OCUP</td>\n\n<td></td>\n\n</tr>\n\n<tr>\n\n<td>GRAU_VULNE</td>\n\n<td></td>\n\n</tr>\n\n<tr bgcolor=\"#D4E4F3\">\n\n<td>GRAU_RISCO</td>\n\n<td>Muito Alto</td>\n\n</tr>\n\n<tr>\n\n<td>SUG_INTERV</td>\n\n<td>Preserva\u00e7\u00e3o da mata natural/Obras de conten\u00e7\u00e3o e retaludamento/N\u00e3o permitir o adensamento urbano do local/Palestras ambientais/Forma\u00e7\u00e3o de l\u00edderes comunit\u00e1rios/Em caso de chuva intensa, \u00e9 recomend\u00e1vel a sa\u00edda dos moradores da \u00e1rea</td>\n\n</tr>\n\n<tr bgcolor=\"#D4E4F3\">\n\n<td>ORGAO_EXEC</td>\n\n<td>CPRM</td>\n\n</tr>\n\n<tr>\n\n<td>PROJETO</td>\n\n<td>A\u00e7\u00e3o Emergencial Para Reconhecimento De \u00c1reas De Alto E Muito Alto Risco A Movimentos De Massas E Enchentes</td>\n\n</tr>\n\n<tr bgcolor=\"#D4E4F3\">\n\n<td>UTME</td>\n\n<td>318300</td>\n\n</tr>\n\n<tr>\n\n<td>UTMN</td>\n\n<td>7788000</td>\n\n</tr>\n\n<tr bgcolor=\"#D4E4F3\">\n\n<td>ZONA</td>\n\n<td>24</td>\n\n</tr>\n\n</table>\n\n</td>\n\n</tr>\n\n</table>\n\n</body>\n\n</html>", "styleUrl": "#PolyStyle00104"}, "geometry": {"type": "Polygon", "coordinates": [[[-40.7376621906398, -19.9992254452918, 0.0], [-40.73814375247463, -19.99943525617674, 0.0], [-40.73857300172573, -19.99996034595775, 0.0], [-40.73862909270254, -20.00010463004901, 0.0], [-40.73861435493784, -20.00031922670213, 0.0], [-40.7386345012151, -20.00046781147549, 0.0], [-40.73857911354561, -20.00059803933503, 0.0], [-40.73849526519686, -20.00084149231338, 0.0], [-40.73836676841454, -20.00118635096499, 0.0], [-40.73817715496664, -20.00151107216322, 0.0], [-40.73805270742291, -20.00167012632237, 0.0], [-40.73782738737662, -20.00173159620069, 0.0], [-40.73763264594905, -20.00180309426181, 0.0], [-40.73749063722983, -20.00177906982518, 0.0], [-40.7371283342349, -20.00169244558255, 0.0], [-40.7367958336562, -20.00166395375402, 0.0], [-40.73631870390508, -20.00164604231429, 0.0], [-40.73611476627893, -20.00165005881242, 0.0], [-40.73585316096656, -20.0016061491984, 0.0], [-40.73551673368021, -20.00149579199741, 0.0], [-40.73549867399427, -20.00147052640453, 0.0], [-40.73537482030459, -20.00125903486457, 0.0], [-40.73523189677719, -20.00074781049864, 0.0], [-40.73523631463288, -20.00072668459356, 0.0], [-40.73544003356167, -20.00013226268685, 0.0], [-40.73576663665912, -19.99995552328478, 0.0], [-40.73608091746895, -19.99984893700662, 0.0], [-40.73620312990992, -19.99983419539921, 0.0], [-40.73645605724944, -19.99965258446563, 0.0], [-40.73652282295512, -19.99944532813996, 0.0], [-40.73681082661492, -19.99925257911433, 0.0], [-40.73713162977573, -19.9991932683982, 0.0], [-40.73740945652588, -19.99919410380887, 0.0], [-40.7376621906398, -19.9992254452918, 0.0]]]}, "id": "ID_00000"}, {"type": "Feature", "properties": {"name": "Rua Vinte quatro de junho - Bairro S\u00e3o Luis", "description": "<html xmlns:fo=\"http://www.w3.org/1999/XSL/Format\" xmlns:msxsl=\"urn:schemas-microsoft-com:xslt\">\n\n<head>\n\n<META http-equiv=\"Content-Type\" content=\"text/html\">\n\n<meta http-equiv=\"content-type\" content=\"text/html; charset=UTF-8\">\n\n</head>\n\n<body style=\"margin:0px 0px 0px 0px;overflow:auto;background:#FFFFFF;\">\n\n<table style=\"font-family:Arial,Verdana,Times;font-size:12px;text-align:left;width:100%;border-collapse:collapse;padding:3px 3px 3px 3px\">\n\n<tr style=\"text-align:center;font-weight:bold;background:#9CBCE2\">\n\n<td>ES</td>\n\n</tr>\n\n<tr>\n\n<td>\n\n<table style=\"font-family:Arial,Verdana,Times;font-size:12px;text-align:left;width:100%;border-spacing:0px; padding:3px 3px 3px 3px\">\n\n<tr>\n\n<td>FID</td>\n\n<td>1</td>\n\n</tr>\n\n<tr bgcolor=\"#D4E4F3\">\n\n<td>UF</td>\n\n<td>ES</td>\n\n</tr>\n\n<tr>\n\n<td>MUNIC</td>\n\n<td>Santa Maria deJetib\u00e1</td>\n\n</tr>\n\n<tr bgcolor=\"#D4E4F3\">\n\n<td>LOCAL</td>\n\n<td>Bairro S\u00e3o Luis</td>\n\n</tr>\n\n<tr>\n\n<td>DATA_SETOR</td>\n\n<td>01/01/2012</td>\n\n</tr>\n\n<tr bgcolor=\"#D4E4F3\">\n\n<td>NUM_SETOR</td>\n\n<td>ES_SM_SR_02_CPRM</td>\n\n</tr>\n\n<tr>\n\n<td>TIPOLOGIA</td>\n\n<td>Escorregamento Planar</td>\n\n</tr>\n\n<tr bgcolor=\"#D4E4F3\">\n\n<td>SITUACAO</td>\n\n<td></td>\n\n</tr>\n\n<tr>\n\n<td>DESCRICAO</td>\n\n<td>\u00c1rea sujeita a deslizamento planar solo/rocha em fun\u00e7\u00e3o do declive acentuado da encosta e pela condi\u00e7\u00e3o de solo perme\u00e1vel em contato brusco com sobre substrato rochoso gran\u00edtico imperme\u00e1vel. Escoamento superficial r\u00e1pido e sujeito a formar enxurradas</td>\n\n</tr>\n\n<tr bgcolor=\"#D4E4F3\">\n\n<td>NUM_MORAD</td>\n\n<td>60</td>\n\n</tr>\n\n<tr>\n\n<td>NUM_PESS</td>\n\n<td>240</td>\n\n</tr>\n\n<tr bgcolor=\"#D4E4F3\">\n\n<td>OBS_OCUP</td>\n\n<td></td>\n\n</tr>\n\n<tr>\n\n<td>GRAU_VULNE</td>\n\n<td></td>\n\n</tr>\n\n<tr bgcolor=\"#D4E4F3\">\n\n<td>GRAU_RISCO</td>\n\n<td>Muito Alto</td>\n\n</tr>\n\n<tr>\n\n<td>SUG_INTERV</td>\n\n<td>Pela complexidade e pelos custos elevadissimos das obras que ter\u00e3o que ser feitas e pela fragilidade ambiental da \u00e1rea, \u00e9 recomend\u00e1vel remover as moradias</td>\n\n</tr>\n\n<tr bgcolor=\"#D4E4F3\">\n\n<td>ORGAO_EXEC</td>\n\n<td>CPRM</td>\n\n</tr>\n\n<tr>\n\n<td>PROJETO</td>\n\n<td>A\u00e7\u00e3o Emergencial Para Reconhecimento De \u00c1reas De Alto E Muito Alto Risco A Movimentos De Massas E Enchentes</td>\n\n</tr>\n\n<tr bgcolor=\"#D4E4F3\">\n\n<td>UTME</td>\n\n<td>317400</td>\n\n</tr>\n\n<tr>\n\n<td>UTMN</td>\n\n<td>7787000</td>\n\n</tr>\n\n<tr bgcolor=\"#D4E4F3\">\n\n<td>ZONA</td>\n\n<td>24</td>\n\n</tr>\n\n</table>\n\n</td>\n\n</tr>\n\n</table>\n\n</body>\n\n</html>", "styleUrl": "#PolyStyle00103"}, "geometry": {"type": "Polygon", "coordinates": [[[-40.74680363677132, -20.00856140581521, 0.0], [-40.74676024087771, -20.00883658590098, 0.0], [-40.74675311434454, -20.00904831311457, 0.0], [-40.74681344957634, -20.0092940435823, 0.0], [-40.7468157053701, -20.00931063759345, 0.0], [-40.7467300328735, -20.00947276435878, 0.0], [-40.74672232988684, -20.00948212622189, 0.0], [-40.74664775166851, -20.00965976503019, 0.0], [-40.74664701269965, -20.00978632478437, 0.0], [-40.74664195621708, -20.00994711921961, 0.0], [-40.74659481207384, -20.01006239962534, 0.0], [-40.74656287739682, -20.01009154231699, 0.0], [-40.74638575066273, -20.01030678945959, 0.0], [-40.74610321279181, -20.01034087782366, 0.0], [-40.74575322248865, -20.01034095883091, 0.0], [-40.74528009411633, -20.010162012751, 0.0], [-40.74504351048272, -20.01007253178241, 0.0], [-40.74486804266136, -20.01010213252464, 0.0], [-40.74446866184731, -20.01020089953483, 0.0], [-40.74423658615255, -20.01014459405864, 0.0], [-40.74392681727579, -20.00997962125805, 0.0], [-40.74373562491368, -20.00963166797429, 0.0], [-40.74356660063446, -20.00931470891128, 0.0], [-40.74329975573976, -20.0091360296104, 0.0], [-40.74304310740546, -20.00903202291909, 0.0], [-40.74304435803181, -20.00877877602443, 0.0], [-40.74388952490835, -20.0081958279861, 0.0], [-40.74439941781277, -20.00804990950678, 0.0], [-40.74460419205389, -20.00783951969182, 0.0], [-40.74488035367971, -20.00749387341804, 0.0], [-40.74493314477807, -20.00741996717494, 0.0], [-40.74508653062204, -20.0073592464959, 0.0], [-40.74542364613419, -20.00739454498529, 0.0], [-40.74555392245563, -20.00736193975687, 0.0], [-40.74578591870065, -20.00735082722253, 0.0], [-40.74598370039652, -20.007352285344, 0.0], [-40.74631441841109, -20.0074727653383, 0.0], [-40.74661089965476, -20.00760580469694, 0.0], [-40.74662086358241, -20.00761304276185, 0.0], [-40.74693405166079, -20.00780312878429, 0.0], [-40.74706243780108, -20.00788890753376, 0.0], [-40.74680363677132, -20.00856140581521, 0.0]]]}, "id": "ID_00001"}, {"type": "Feature", "properties": {"name": "Rua Kurt Ludwig Kerchoft - Bairro Vila Jetib\u00e1", "description": "<html xmlns:fo=\"http://www.w3.org/1999/XSL/Format\" xmlns:msxsl=\"urn:schemas-microsoft-com:xslt\">\n\n<head>\n\n<META http-equiv=\"Content-Type\" content=\"text/html\">\n\n<meta http-equiv=\"content-type\" content=\"text/html; charset=UTF-8\">\n\n</head>\n\n<body style=\"margin:0px 0px 0px 0px;overflow:auto;background:#FFFFFF;\">\n\n<table style=\"font-family:Arial,Verdana,Times;font-size:12px;text-align:left;width:100%;border-collapse:collapse;padding:3px 3px 3px 3px\">\n\n<tr style=\"text-align:center;font-weight:bold;background:#9CBCE2\">\n\n<td>ES</td>\n\n</tr>\n\n<tr>\n\n<td>\n\n<table style=\"font-family:Arial,Verdana,Times;font-size:12px;text-align:left;width:100%;border-spacing:0px; padding:3px 3px 3px 3px\">\n\n<tr>\n\n<td>FID</td>\n\n<td>2</td>\n\n</tr>\n\n<tr bgcolor=\"#D4E4F3\">\n\n<td>UF</td>\n\n<td>ES</td>\n\n</tr>\n\n<tr>\n\n<td>MUNIC</td>\n\n<td>Santa Maria deJetib\u00e1</td>\n\n</tr>\n\n<tr bgcolor=\"#D4E4F3\">\n\n<td>LOCAL</td>\n\n<td>Bairro Vila Jetib\u00e1</td>\n\n</tr>\n\n<tr>\n\n<td>DATA_SETOR</td>\n\n<td>01/01/2012</td>\n\n</tr>\n\n<tr bgcolor=\"#D4E4F3\">\n\n<td>NUM_SETOR</td>\n\n<td>ES_SM_SR_03_CPRM</td>\n\n</tr>\n\n<tr>\n\n<td>TIPOLOGIA</td>\n\n<td>Escorregamento Planar</td>\n\n</tr>\n\n<tr bgcolor=\"#D4E4F3\">\n\n<td>SITUACAO</td>\n\n<td></td>\n\n</tr>\n\n<tr>\n\n<td>DESCRICAO</td>\n\n<td>Zona sob encosta com aproximadamente 150m de altura, em vale fechado. A configura\u00e7\u00e3o de maci\u00e7o gran\u00edtico exposto em contato direto com solo pouco espesso \u00e9 favor\u00e1vel a deslizamentos planares e queda de lascas.</td>\n\n</tr>\n\n<tr bgcolor=\"#D4E4F3\">\n\n<td>NUM_MORAD</td>\n\n<td>80</td>\n\n</tr>\n\n<tr>\n\n<td>NUM_PESS</td>\n\n<td>400</td>\n\n</tr>\n\n<tr bgcolor=\"#D4E4F3\">\n\n<td>OBS_OCUP</td>\n\n<td></td>\n\n</tr>\n\n<tr>\n\n<td>GRAU_VULNE</td>\n\n<td></td>\n\n</tr>\n\n<tr bgcolor=\"#D4E4F3\">\n\n<td>GRAU_RISCO</td>\n\n<td>Muito Alto</td>\n\n</tr>\n\n<tr>\n\n<td>SUG_INTERV</td>\n\n<td>Eventuais remo\u00e7\u00f5es de moradores/Fazer obras de disciplinamento/Palestras ambientais/Forma\u00e7\u00e3o de l\u00edderes comunit\u00e1rios.</td>\n\n</tr>\n\n<tr bgcolor=\"#D4E4F3\">\n\n<td>ORGAO_EXEC</td>\n\n<td>CPRM</td>\n\n</tr>\n\n<tr>\n\n<td>PROJETO</td>\n\n<td>A\u00e7\u00e3o Emergencial Para Reconhecimento De \u00c1reas De Alto E Muito Alto Risco A Movimentos De Massas E Enchentes</td>\n\n</tr>\n\n<tr bgcolor=\"#D4E4F3\">\n\n<td>UTME</td>\n\n<td>315400</td>\n\n</tr>\n\n<tr>\n\n<td>UTMN</td>\n\n<td>7785000</td>\n\n</tr>\n\n<tr bgcolor=\"#D4E4F3\">\n\n<td>ZONA</td>\n\n<td>24</td>\n\n</tr>\n\n</table>\n\n</td>\n\n</tr>\n\n</table>\n\n</body>\n\n</html>", "styleUrl": "#PolyStyle00104"}, "geometry": {"type": "Polygon", "coordinates": [[[-40.76759556135614, -20.01779986796177, 0.0], [-40.76891651877166, -20.01796568054885, 0.0], [-40.76999594911001, -20.01842498269351, 0.0], [-40.77146013091314, -20.01948828170471, 0.0], [-40.77165796561626, -20.01983027694401, 0.0], [-40.77183490737892, -20.02033736680255, 0.0], [-40.77166896904843, -20.02102806735028, 0.0], [-40.77124536333486, -20.02189202021831, 0.0], [-40.770778845182, -20.02259849340414, 0.0], [-40.77003444338345, -20.02285090813517, 0.0], [-40.76917824403514, -20.02307618629405, 0.0], [-40.76857379247281, -20.02292572141813, 0.0], [-40.76801684986138, -20.02264761587791, 0.0], [-40.76744899564285, -20.0222895354578, 0.0], [-40.76703056022085, -20.02207592865945, 0.0], [-40.76637305224319, -20.02201309492708, 0.0], [-40.76549454004905, -20.02191598399215, 0.0], [-40.76429184397734, -20.02197993118754, 0.0], [-40.76380455035893, -20.0218965282169, 0.0], [-40.76356445130971, -20.02172230877715, 0.0], [-40.76321192972937, -20.02056575860474, 0.0], [-40.7632119343313, -20.01977295739939, 0.0], [-40.76343573860269, -20.01903433043151, 0.0], [-40.76369777216931, -20.01857567407058, 0.0], [-40.76410560296243, -20.01791633501393, 0.0], [-40.76473510519635, -20.0174538768919, 0.0], [-40.76575983088896, -20.01735044838165, 0.0], [-40.76759556135614, -20.01779986796177, 0.0]]]}, "id": "ID_00002"}, {"type": "Feature", "properties": {"name": "Bairro Vila Roos", "description": "<html xmlns:fo=\"http://www.w3.org/1999/XSL/Format\" xmlns:msxsl=\"urn:schemas-microsoft-com:xslt\">\n\n<head>\n\n<META http-equiv=\"Content-Type\" content=\"text/html\">\n\n<meta http-equiv=\"content-type\" content=\"text/html; charset=UTF-8\">\n\n</head>\n\n<body style=\"margin:0px 0px 0px 0px;overflow:auto;background:#FFFFFF;\">\n\n<table style=\"font-family:Arial,Verdana,Times;font-size:12px;text-align:left;width:100%;border-collapse:collapse;padding:3px 3px 3px 3px\">\n\n<tr style=\"text-align:center;font-weight:bold;background:#9CBCE2\">\n\n<td>ES</td>\n\n</tr>\n\n<tr>\n\n<td>\n\n<table style=\"font-family:Arial,Verdana,Times;font-size:12px;text-align:left;width:100%;border-spacing:0px; padding:3px 3px 3px 3px\">\n\n<tr>\n\n<td>FID</td>\n\n<td>3</td>\n\n</tr>\n\n<tr bgcolor=\"#D4E4F3\">\n\n<td>UF</td>\n\n<td>ES</td>\n\n</tr>\n\n<tr>\n\n<td>MUNIC</td>\n\n<td>Santa Maria deJetib\u00e1</td>\n\n</tr>\n\n<tr bgcolor=\"#D4E4F3\">\n\n<td>LOCAL</td>\n\n<td>Bairro Vila Roos</td>\n\n</tr>\n\n<tr>\n\n<td>DATA_SETOR</td>\n\n<td>01/01/2012</td>\n\n</tr>\n\n<tr bgcolor=\"#D4E4F3\">\n\n<td>NUM_SETOR</td>\n\n<td>ES_SM_SR_04_CPRM</td>\n\n</tr>\n\n<tr>\n\n<td>TIPOLOGIA</td>\n\n<td>Escorregamento Planar/Enchente</td>\n\n</tr>\n\n<tr bgcolor=\"#D4E4F3\">\n\n<td>SITUACAO</td>\n\n<td></td>\n\n</tr>\n\n<tr>\n\n<td>DESCRICAO</td>\n\n<td>Encosta com aproximadamente 60m de altura, em vale fechado, a configura\u00e7\u00e3o do relevo e a situa\u00e7\u00e3o de solo perme\u00e1vel em contato brusco com substrato rochoso pouco perme\u00e1vel, s\u00e3o favor\u00e1veis a que nas \u00e9pocas chuvosas ocorram movimentos de massa.</td>\n\n</tr>\n\n<tr bgcolor=\"#D4E4F3\">\n\n<td>NUM_MORAD</td>\n\n<td>30</td>\n\n</tr>\n\n<tr>\n\n<td>NUM_PESS</td>\n\n<td>150</td>\n\n</tr>\n\n<tr bgcolor=\"#D4E4F3\">\n\n<td>OBS_OCUP</td>\n\n<td></td>\n\n</tr>\n\n<tr>\n\n<td>GRAU_VULNE</td>\n\n<td></td>\n\n</tr>\n\n<tr bgcolor=\"#D4E4F3\">\n\n<td>GRAU_RISCO</td>\n\n<td>Muito Alto</td>\n\n</tr>\n\n<tr>\n\n<td>SUG_INTERV</td>\n\n<td>Drenagens de crista e base/Obras de conten\u00e7\u00e3o/Eventuais remo\u00e7\u00f5es de moradores/Evitar cortes profundos/Providenciar a coleta e armazenamento da \u00e1gua de chuvas/Ordenamento das \u00e1guas pluviais/Palestras ambientais/Forma\u00e7\u00e3o de l\u00edderes comunit\u00e1rios</td>\n\n</tr>\n\n<tr bgcolor=\"#D4E4F3\">\n\n<td>ORGAO_EXEC</td>\n\n<td>CPRM</td>\n\n</tr>\n\n<tr>\n\n<td>PROJETO</td>\n\n<td>A\u00e7\u00e3o Emergencial Para Reconhecimento De \u00c1reas De Alto E Muito Alto Risco A Movimentos De Massas E Enchentes</td>\n\n</tr>\n\n<tr bgcolor=\"#D4E4F3\">\n\n<td>UTME</td>\n\n<td>316300</td>\n\n</tr>\n\n<tr>\n\n<td>UTMN</td>\n\n<td>7785000</td>\n\n</tr>\n\n<tr bgcolor=\"#D4E4F3\">\n\n<td>ZONA</td>\n\n<td>24</td>\n\n</tr>\n\n</table>\n\n</td>\n\n</tr>\n\n</table>\n\n</body>\n\n</html>", "styleUrl": "#PolyStyle00104"}, "geometry": {"type": "Polygon", "coordinates": [[[-40.75733831456149, -20.02417969291935, 0.0], [-40.75779805805738, -20.02417608186085, 0.0], [-40.75839884901969, -20.02439757653234, 0.0], [-40.75886126979905, -20.02454928590655, 0.0], [-40.75895604144558, -20.02524683767002, 0.0], [-40.75880075521733, -20.02559409828895, 0.0], [-40.75852566027217, -20.02600765782777, 0.0], [-40.7578953868955, -20.0265159094553, 0.0], [-40.75730520804778, -20.02677728563509, 0.0], [-40.75657484491729, -20.0270901378873, 0.0], [-40.75550140458518, -20.02772090050089, 0.0], [-40.75495131374943, -20.02773544254236, 0.0], [-40.7543260252477, -20.02760351482018, 0.0], [-40.7542517769268, -20.02705938472692, 0.0], [-40.75419840553928, -20.02666824688417, 0.0], [-40.75449094215572, -20.0261143009013, 0.0], [-40.75541834073083, -20.02508594046169, 0.0], [-40.75581590047864, -20.02476125502439, 0.0], [-40.75642155941633, -20.02434224611107, 0.0], [-40.75733831456149, -20.02417969291935, 0.0]]]}, "id": "ID_00003"}, {"type": "Feature", "properties": {"name": "Vila Dos Italianos", "description": "<html xmlns:fo=\"http://www.w3.org/1999/XSL/Format\" xmlns:msxsl=\"urn:schemas-microsoft-com:xslt\">\n\n<head>\n\n<META http-equiv=\"Content-Type\" content=\"text/html\">\n\n<meta http-equiv=\"content-type\" content=\"text/html; charset=UTF-8\">\n\n</head>\n\n<body style=\"margin:0px 0px 0px 0px;overflow:auto;background:#FFFFFF;\">\n\n<table style=\"font-family:Arial,Verdana,Times;font-size:12px;text-align:left;width:100%;border-collapse:collapse;padding:3px 3px 3px 3px\">\n\n<tr style=\"text-align:center;font-weight:bold;background:#9CBCE2\">\n\n<td>ES</td>\n\n</tr>\n\n<tr>\n\n<td>\n\n<table style=\"font-family:Arial,Verdana,Times;font-size:12px;text-align:left;width:100%;border-spacing:0px; padding:3px 3px 3px 3px\">\n\n<tr>\n\n<td>FID</td>\n\n<td>4</td>\n\n</tr>\n\n<tr bgcolor=\"#D4E4F3\">\n\n<td>UF</td>\n\n<td>ES</td>\n\n</tr>\n\n<tr>\n\n<td>MUNIC</td>\n\n<td>Santa Maria deJetib\u00e1</td>\n\n</tr>\n\n<tr bgcolor=\"#D4E4F3\">\n\n<td>LOCAL</td>\n\n<td>Vila dos Italianos</td>\n\n</tr>\n\n<tr>\n\n<td>DATA_SETOR</td>\n\n<td>01/01/2012</td>\n\n</tr>\n\n<tr bgcolor=\"#D4E4F3\">\n\n<td>NUM_SETOR</td>\n\n<td>ES_SM_SR_05_CPRM</td>\n\n</tr>\n\n<tr>\n\n<td>TIPOLOGIA</td>\n\n<td>Escorregamento Planar</td>\n\n</tr>\n\n<tr bgcolor=\"#D4E4F3\">\n\n<td>SITUACAO</td>\n\n<td></td>\n\n</tr>\n\n<tr>\n\n<td>DESCRICAO</td>\n\n<td>Encosta onde se observa moradias encaixadas em cortes no p\u00e9 da encosta, muito \u00edngrimes e com solo argiloso exposto em contato direto com embasamento cristalino, o qual apresenta surg\u00eancias de \u00e1gua. \u00c1rea sujeita a enchentes.</td>\n\n</tr>\n\n<tr bgcolor=\"#D4E4F3\">\n\n<td>NUM_MORAD</td>\n\n<td>12</td>\n\n</tr>\n\n<tr>\n\n<td>NUM_PESS</td>\n\n<td>60</td>\n\n</tr>\n\n<tr bgcolor=\"#D4E4F3\">\n\n<td>OBS_OCUP</td>\n\n<td></td>\n\n</tr>\n\n<tr>\n\n<td>GRAU_VULNE</td>\n\n<td></td>\n\n</tr>\n\n<tr bgcolor=\"#D4E4F3\">\n\n<td>GRAU_RISCO</td>\n\n<td>Muito Alto</td>\n\n</tr>\n\n<tr>\n\n<td>SUG_INTERV</td>\n\n<td>Remo\u00e7\u00f5es de moradores/Demoli\u00e7\u00e3o de casas em situa\u00e7\u00e3o de maior risco/Obras de conten\u00e7\u00e3o/Ordenamento das \u00e1guas pluviais/Palestras ambientais/Forma\u00e7\u00e3o de l\u00edderes comunit\u00e1rios</td>\n\n</tr>\n\n<tr bgcolor=\"#D4E4F3\">\n\n<td>ORGAO_EXEC</td>\n\n<td>CPRM</td>\n\n</tr>\n\n<tr>\n\n<td>PROJETO</td>\n\n<td>A\u00e7\u00e3o Emergencial Para Reconhecimento De \u00c1reas De Alto E Muito Alto Risco A Movimentos De Massas E Enchentes</td>\n\n</tr>\n\n<tr bgcolor=\"#D4E4F3\">\n\n<td>UTME</td>\n\n<td>316700</td>\n\n</tr>\n\n<tr>\n\n<td>UTMN</td>\n\n<td>7783000</td>\n\n</tr>\n\n<tr bgcolor=\"#D4E4F3\">\n\n<td>ZONA</td>\n\n<td>24</td>\n\n</tr>\n\n</table>\n\n</td>\n\n</tr>\n\n</table>\n\n</body>\n\n</html>", "styleUrl": "#PolyStyle00104"}, "geometry": {"type": "Polygon", "coordinates": [[[-40.75280837576302, -20.04013270115604, 0.0], [-40.75250422023222, -20.04030627403871, 0.0], [-40.75207884878171, -20.04039182341489, 0.0], [-40.7516308440167, -20.04040026724184, 0.0], [-40.75093020473287, -20.04033654591561, 0.0], [-40.75042920747634, -20.04013465789869, 0.0], [-40.75025341658373, -20.03982505230752, 0.0], [-40.75018541969563, -20.03959367375918, 0.0], [-40.75017377233581, -20.03924136813063, 0.0], [-40.75024758812246, -20.03898141040172, 0.0], [-40.75055726521102, -20.0391152116833, 0.0], [-40.75095389949915, -20.03935261007514, 0.0], [-40.75124423006157, -20.03952294447453, 0.0], [-40.7516316257358, -20.03969295742698, 0.0], [-40.75204871499916, -20.03981373990067, 0.0], [-40.75263147172979, -20.0399031108134, 0.0], [-40.7528718799889, -20.03988550360539, 0.0], [-40.75280837576302, -20.04013270115604, 0.0]]]}, "id": "ID_00004"}, {"type": "Feature", "properties": {"name": "Alto S\u00e3o Sebasti\u00e3o", "description": "<html xmlns:fo=\"http://www.w3.org/1999/XSL/Format\" xmlns:msxsl=\"urn:schemas-microsoft-com:xslt\">\n\n<head>\n\n<META http-equiv=\"Content-Type\" content=\"text/html\">\n\n<meta http-equiv=\"content-type\" content=\"text/html; charset=UTF-8\">\n\n</head>\n\n<body style=\"margin:0px 0px 0px 0px;overflow:auto;background:#FFFFFF;\">\n\n<table style=\"font-family:Arial,Verdana,Times;font-size:12px;text-align:left;width:100%;border-collapse:collapse;padding:3px 3px 3px 3px\">\n\n<tr style=\"text-align:center;font-weight:bold;background:#9CBCE2\">\n\n<td>ES</td>\n\n</tr>\n\n<tr>\n\n<td>\n\n<table style=\"font-family:Arial,Verdana,Times;font-size:12px;text-align:left;width:100%;border-spacing:0px; padding:3px 3px 3px 3px\">\n\n<tr>\n\n<td>FID</td>\n\n<td>5</td>\n\n</tr>\n\n<tr bgcolor=\"#D4E4F3\">\n\n<td>UF</td>\n\n<td>ES</td>\n\n</tr>\n\n<tr>\n\n<td>MUNIC</td>\n\n<td>Santa Maria deJetib\u00e1</td>\n\n</tr>\n\n<tr bgcolor=\"#D4E4F3\">\n\n<td>LOCAL</td>\n\n<td>Alto S\u00e3o Sebasti\u00e3o</td>\n\n</tr>\n\n<tr>\n\n<td>DATA_SETOR</td>\n\n<td>01/01/2012</td>\n\n</tr>\n\n<tr bgcolor=\"#D4E4F3\">\n\n<td>NUM_SETOR</td>\n\n<td>ES_SM_SR_06_CPRM</td>\n\n</tr>\n\n<tr>\n\n<td>TIPOLOGIA</td>\n\n<td>Escorregamento Planar</td>\n\n</tr>\n\n<tr bgcolor=\"#D4E4F3\">\n\n<td>SITUACAO</td>\n\n<td></td>\n\n</tr>\n\n<tr>\n\n<td>DESCRICAO</td>\n\n<td>Moradia situada no sop\u00e9 de uma encosta, com solos transportados, perme\u00e1veis em contato brusco com o substrato rochoso pouco perme\u00e1vel e exist\u00eancia blocos e matac\u00f5es soltos. Situa\u00e7\u00e3o prop\u00edcia a deslizamento</td>\n\n</tr>\n\n<tr bgcolor=\"#D4E4F3\">\n\n<td>NUM_MORAD</td>\n\n<td>1</td>\n\n</tr>\n\n<tr>\n\n<td>NUM_PESS</td>\n\n<td>5</td>\n\n</tr>\n\n<tr bgcolor=\"#D4E4F3\">\n\n<td>OBS_OCUP</td>\n\n<td></td>\n\n</tr>\n\n<tr>\n\n<td>GRAU_VULNE</td>\n\n<td></td>\n\n</tr>\n\n<tr bgcolor=\"#D4E4F3\">\n\n<td>GRAU_RISCO</td>\n\n<td>Muito Alto</td>\n\n</tr>\n\n<tr>\n\n<td>SUG_INTERV</td>\n\n<td>Devido a situa\u00e7\u00e3o de alto risco existente e impossibilidade de executar qualquer obra de conten\u00e7\u00e3o, recomenda-se a remo\u00e7\u00e3o da fam\u00edlia para local seguro e demoli\u00e7\u00e3o da casa</td>\n\n</tr>\n\n<tr bgcolor=\"#D4E4F3\">\n\n<td>ORGAO_EXEC</td>\n\n<td>CPRM</td>\n\n</tr>\n\n<tr>\n\n<td>PROJETO</td>\n\n<td>A\u00e7\u00e3o Emergencial Para Reconhecimento De \u00c1reas De Alto E Muito Alto Risco A Movimentos De Massas E Enchentes</td>\n\n</tr>\n\n<tr bgcolor=\"#D4E4F3\">\n\n<td>UTME</td>\n\n<td>308800</td>\n\n</tr>\n\n<tr>\n\n<td>UTMN</td>\n\n<td>7787000</td>\n\n</tr>\n\n<tr bgcolor=\"#D4E4F3\">\n\n<td>ZONA</td>\n\n<td>24</td>\n\n</tr>\n\n</table>\n\n</td>\n\n</tr>\n\n</table>\n\n</body>\n\n</html>", "styleUrl": "#PolyStyle00104"}, "geometry": {"type": "Polygon", "coordinates": [[[-40.82860372242386, -20.00297496619133, 0.0], [-40.82877074431378, -20.00307048826959, 0.0], [-40.8289291046894, -20.00321528623486, 0.0], [-40.82906805671944, -20.00340583213307, 0.0], [-40.82909747111958, -20.00350836534119, 0.0], [-40.8290879409168, -20.00366383666258, 0.0], [-40.82901459668386, -20.00380292133302, 0.0], [-40.8288664120325, -20.00384498456323, 0.0], [-40.82869868835005, -20.003894236474, 0.0], [-40.82869364064406, -20.00389484800705, 0.0], [-40.82851452642141, -20.00393583543338, 0.0], [-40.82835279604946, -20.00406633059871, 0.0], [-40.82824024601395, -20.00418122009072, 0.0], [-40.82814543864235, -20.00431324207021, 0.0], [-40.82793815297831, -20.00441067236037, 0.0], [-40.82767520676709, -20.00447627360328, 0.0], [-40.82724330987858, -20.00443216724582, 0.0], [-40.82699650333211, -20.00442831502209, 0.0], [-40.82680360254956, -20.00433114664732, 0.0], [-40.82665351849298, -20.00420950068035, 0.0], [-40.82659753137816, -20.00410055975819, 0.0], [-40.82660505033559, -20.00393087861072, 0.0], [-40.8267672468349, -20.00376656240285, 0.0], [-40.82698742213099, -20.00357592419437, 0.0], [-40.82742661621731, -20.00337321033019, 0.0], [-40.82793016156883, -20.00315304255079, 0.0], [-40.82824349841293, -20.00304272949047, 0.0], [-40.8284680694926, -20.00299622614832, 0.0], [-40.82860372242386, -20.00297496619133, 0.0]]]}, "id": "ID_00005"}, {"type": "Feature", "properties": {"name": "Alto S\u00e3o Sebasti\u00e3o - Zona Rural", "description": "<html xmlns:fo=\"http://www.w3.org/1999/XSL/Format\" xmlns:msxsl=\"urn:schemas-microsoft-com:xslt\">\n\n<head>\n\n<META http-equiv=\"Content-Type\" content=\"text/html\">\n\n<meta http-equiv=\"content-type\" content=\"text/html; charset=UTF-8\">\n\n</head>\n\n<body style=\"margin:0px 0px 0px 0px;overflow:auto;background:#FFFFFF;\">\n\n<table style=\"font-family:Arial,Verdana,Times;font-size:12px;text-align:left;width:100%;border-collapse:collapse;padding:3px 3px 3px 3px\">\n\n<tr style=\"text-align:center;font-weight:bold;background:#9CBCE2\">\n\n<td>ES</td>\n\n</tr>\n\n<tr>\n\n<td>\n\n<table style=\"font-family:Arial,Verdana,Times;font-size:12px;text-align:left;width:100%;border-spacing:0px; padding:3px 3px 3px 3px\">\n\n<tr>\n\n<td>FID</td>\n\n<td>6</td>\n\n</tr>\n\n<tr bgcolor=\"#D4E4F3\">\n\n<td>UF</td>\n\n<td>ES</td>\n\n</tr>\n\n<tr>\n\n<td>MUNIC</td>\n\n<td>Santa Maria deJetib\u00e1</td>\n\n</tr>\n\n<tr bgcolor=\"#D4E4F3\">\n\n<td>LOCAL</td>\n\n<td>Alto S\u00e3o Sebasti\u00e3o</td>\n\n</tr>\n\n<tr>\n\n<td>DATA_SETOR</td>\n\n<td>01/01/2012</td>\n\n</tr>\n\n<tr bgcolor=\"#D4E4F3\">\n\n<td>NUM_SETOR</td>\n\n<td>ES_SM_SR_07_CPRM</td>\n\n</tr>\n\n<tr>\n\n<td>TIPOLOGIA</td>\n\n<td>Escorregamento/Rolamento de Blocos</td>\n\n</tr>\n\n<tr bgcolor=\"#D4E4F3\">\n\n<td>SITUACAO</td>\n\n<td></td>\n\n</tr>\n\n<tr>\n\n<td>DESCRICAO</td>\n\n<td>Area afetada por material proveniente de deslizamento planar induzido pela exposi\u00e7\u00e3o de horizontes inferiores de solos de granito em alto e mal executado talude de corte. Com possibilidade de rolamentos de blocos e matac\u00f5es.</td>\n\n</tr>\n\n<tr bgcolor=\"#D4E4F3\">\n\n<td>NUM_MORAD</td>\n\n<td>1</td>\n\n</tr>\n\n<tr>\n\n<td>NUM_PESS</td>\n\n<td>5</td>\n\n</tr>\n\n<tr bgcolor=\"#D4E4F3\">\n\n<td>OBS_OCUP</td>\n\n<td></td>\n\n</tr>\n\n<tr>\n\n<td>GRAU_VULNE</td>\n\n<td></td>\n\n</tr>\n\n<tr bgcolor=\"#D4E4F3\">\n\n<td>GRAU_RISCO</td>\n\n<td>Muito Alto</td>\n\n</tr>\n\n<tr>\n\n<td>SUG_INTERV</td>\n\n<td>Remo\u00e7\u00e3o da fam\u00edlia e a demoli\u00e7\u00e3o da casa/Em casos de chuvas intensas ou de longa dura\u00e7\u00e3o os moradores devem deixar as moradias.</td>\n\n</tr>\n\n<tr bgcolor=\"#D4E4F3\">\n\n<td>ORGAO_EXEC</td>\n\n<td>CPRM</td>\n\n</tr>\n\n<tr>\n\n<td>PROJETO</td>\n\n<td>A\u00e7\u00e3o Emergencial Para Reconhecimento De \u00c1reas De Alto E Muito Alto Risco A Movimentos De Massas E Enchentes</td>\n\n</tr>\n\n<tr bgcolor=\"#D4E4F3\">\n\n<td>UTME</td>\n\n<td>307600</td>\n\n</tr>\n\n<tr>\n\n<td>UTMN</td>\n\n<td>7789000</td>\n\n</tr>\n\n<tr bgcolor=\"#D4E4F3\">\n\n<td>ZONA</td>\n\n<td>24</td>\n\n</tr>\n\n</table>\n\n</td>\n\n</tr>\n\n</table>\n\n</body>\n\n</html>", "styleUrl": "#PolyStyle00104"}, "geometry": {"type": "Polygon", "coordinates": [[[-40.84044047902387, -19.98993603389769, 0.0], [-40.84032769605592, -19.9901932524626, 0.0], [-40.84019006485075, -19.99042775497472, 0.0], [-40.84005281149578, -19.99051850754293, 0.0], [-40.83985710304394, -19.99059970364027, 0.0], [-40.83961765597478, -19.99063779876527, 0.0], [-40.83926762025062, -19.99068211216617, 0.0], [-40.83917276951518, -19.9906682760462, 0.0], [-40.83906077324069, -19.99063799290126, 0.0], [-40.83896348259079, -19.99057417028841, 0.0], [-40.83888509586463, -19.9904751652742, 0.0], [-40.83885186412564, -19.99028902203869, 0.0], [-40.83895899943181, -19.98983025894228, 0.0], [-40.83911372096335, -19.98961222068985, 0.0], [-40.8392400918337, -19.98947474917993, 0.0], [-40.83957651064621, -19.98925504833568, 0.0], [-40.83965214272398, -19.98911426532656, 0.0], [-40.83972497207461, -19.98901163518393, 0.0], [-40.83981144904174, -19.9889731477422, 0.0], [-40.8399343316612, -19.98899452936087, 0.0], [-40.84012058292625, -19.98906986213412, 0.0], [-40.84032257784374, -19.9892919193284, 0.0], [-40.84044299068606, -19.98954128302453, 0.0], [-40.84044507024643, -19.9896794478314, 0.0], [-40.84044047902387, -19.98993603389769, 0.0]]]}, "id": "ID_00006"}, {"type": "Feature", "properties": {"name": "Distrito de Rio Possmoser - Rodovia ES-264", "description": "<html xmlns:fo=\"http://www.w3.org/1999/XSL/Format\" xmlns:msxsl=\"urn:schemas-microsoft-com:xslt\">\n\n<head>\n\n<META http-equiv=\"Content-Type\" content=\"text/html\">\n\n<meta http-equiv=\"content-type\" content=\"text/html; charset=UTF-8\">\n\n</head>\n\n<body style=\"margin:0px 0px 0px 0px;overflow:auto;background:#FFFFFF;\">\n\n<table style=\"font-family:Arial,Verdana,Times;font-size:12px;text-align:left;width:100%;border-collapse:collapse;padding:3px 3px 3px 3px\">\n\n<tr style=\"text-align:center;font-weight:bold;background:#9CBCE2\">\n\n<td>ES</td>\n\n</tr>\n\n<tr>\n\n<td>\n\n<table style=\"font-family:Arial,Verdana,Times;font-size:12px;text-align:left;width:100%;border-spacing:0px; padding:3px 3px 3px 3px\">\n\n<tr>\n\n<td>FID</td>\n\n<td>7</td>\n\n</tr>\n\n<tr bgcolor=\"#D4E4F3\">\n\n<td>UF</td>\n\n<td>ES</td>\n\n</tr>\n\n<tr>\n\n<td>MUNIC</td>\n\n<td>Santa Maria deJetib\u00e1</td>\n\n</tr>\n\n<tr bgcolor=\"#D4E4F3\">\n\n<td>LOCAL</td>\n\n<td>Distrito de Rio Possmoser</td>\n\n</tr>\n\n<tr>\n\n<td>DATA_SETOR</td>\n\n<td>01/01/2012</td>\n\n</tr>\n\n<tr bgcolor=\"#D4E4F3\">\n\n<td>NUM_SETOR</td>\n\n<td>ES_SM_SR_08_CPRM</td>\n\n</tr>\n\n<tr>\n\n<td>TIPOLOGIA</td>\n\n<td>Escorregamento Planar/Inunda\u00e7\u00e3o</td>\n\n</tr>\n\n<tr bgcolor=\"#D4E4F3\">\n\n<td>SITUACAO</td>\n\n<td></td>\n\n</tr>\n\n<tr>\n\n<td>DESCRICAO</td>\n\n<td>Vale com plan\u00edcie aluvial sujeita a inunda\u00e7\u00f5es e processos de deslizamentos induzidos pela execu\u00e7\u00e3o de altos taludes de corte desprovidos de obras de conten\u00e7\u00e3o.</td>\n\n</tr>\n\n<tr bgcolor=\"#D4E4F3\">\n\n<td>NUM_MORAD</td>\n\n<td>50</td>\n\n</tr>\n\n<tr>\n\n<td>NUM_PESS</td>\n\n<td>250</td>\n\n</tr>\n\n<tr bgcolor=\"#D4E4F3\">\n\n<td>OBS_OCUP</td>\n\n<td></td>\n\n</tr>\n\n<tr>\n\n<td>GRAU_VULNE</td>\n\n<td></td>\n\n</tr>\n\n<tr bgcolor=\"#D4E4F3\">\n\n<td>GRAU_RISCO</td>\n\n<td>Muito Alto</td>\n\n</tr>\n\n<tr>\n\n<td>SUG_INTERV</td>\n\n<td>Retaludamento e revegeta\u00e7\u00e3o/Em casa de chuva um pouco mais prolongada, os moradores devem sair da \u00e1rea/Ordenamento das \u00e1guas pluviais/Interditar o pr\u00e9dio da creche/Forma\u00e7\u00e3o de l\u00edderes comunit\u00e1rios/Colocar pain\u00e9is informativos</td>\n\n</tr>\n\n<tr bgcolor=\"#D4E4F3\">\n\n<td>ORGAO_EXEC</td>\n\n<td>CPRM</td>\n\n</tr>\n\n<tr>\n\n<td>PROJETO</td>\n\n<td>A\u00e7\u00e3o Emergencial Para Reconhecimento De \u00c1reas De Alto E Muito Alto Risco A Movimentos De Massas E Enchentes</td>\n\n</tr>\n\n<tr bgcolor=\"#D4E4F3\">\n\n<td>UTME</td>\n\n<td>307900</td>\n\n</tr>\n\n<tr>\n\n<td>UTMN</td>\n\n<td>7780000</td>\n\n</tr>\n\n<tr bgcolor=\"#D4E4F3\">\n\n<td>ZONA</td>\n\n<td>24</td>\n\n</tr>\n\n</table>\n\n</td>\n\n</tr>\n\n</table>\n\n</body>\n\n</html>", "styleUrl": "#PolyStyle00104"}, "geometry": {"type": "Polygon", "coordinates": [[[-40.84557434684565, -20.06897007019395, 0.0], [-40.84562900000319, -20.06966515052298, 0.0], [-40.84282787543186, -20.06957979180765, 0.0], [-40.84131838188497, -20.06926002513232, 0.0], [-40.84018948790293, -20.06951594696565, 0.0], [-40.83925966912594, -20.06954942789372, 0.0], [-40.83919878815452, -20.06955162028634, 0.0], [-40.83820159705472, -20.06913409672521, 0.0], [-40.83750035587293, -20.0686473868325, 0.0], [-40.83651061135802, -20.06803761768236, 0.0], [-40.83633142573184, -20.06786348777935, 0.0], [-40.83633269794755, -20.06785584094042, 0.0], [-40.8361724643954, -20.06764078426353, 0.0], [-40.83616770586355, -20.06761625889752, 0.0], [-40.83619660075948, -20.06723044797034, 0.0], [-40.83636109067564, -20.06698684361629, 0.0], [-40.83650554623789, -20.06687090860695, 0.0], [-40.83711093633156, -20.06671031618657, 0.0], [-40.83745923542842, -20.06654178490453, 0.0], [-40.83778770107891, -20.06651341494224, 0.0], [-40.8381484853372, -20.06640833453687, 0.0], [-40.83882056019141, -20.0664386913359, 0.0], [-40.83931570974022, -20.06652349985514, 0.0], [-40.84051471103975, -20.06662752241879, 0.0], [-40.84144507986689, -20.06682558070067, 0.0], [-40.84171358288101, -20.06700338095167, 0.0], [-40.84196340701149, -20.06731967810306, 0.0], [-40.84253731709396, -20.06779648422346, 0.0], [-40.84354602540363, -20.06818978828754, 0.0], [-40.84440831903963, -20.06852762792477, 0.0], [-40.84557434684565, -20.06897007019395, 0.0]]]}, "id": "ID_00007"}, {"type": "Feature", "properties": {"name": "Patio da Prefeitura de SMJ - Rua Dalm\u00e1cio Esp\u00edndula", "description": "<html xmlns:fo=\"http://www.w3.org/1999/XSL/Format\" xmlns:msxsl=\"urn:schemas-microsoft-com:xslt\">\n\n<head>\n\n<META http-equiv=\"Content-Type\" content=\"text/html\">\n\n<meta http-equiv=\"content-type\" content=\"text/html; charset=UTF-8\">\n\n</head>\n\n<body style=\"margin:0px 0px 0px 0px;overflow:auto;background:#FFFFFF;\">\n\n<table style=\"font-family:Arial,Verdana,Times;font-size:12px;text-align:left;width:100%;border-collapse:collapse;padding:3px 3px 3px 3px\">\n\n<tr style=\"text-align:center;font-weight:bold;background:#9CBCE2\">\n\n<td>ES</td>\n\n</tr>\n\n<tr>\n\n<td>\n\n<table style=\"font-family:Arial,Verdana,Times;font-size:12px;text-align:left;width:100%;border-spacing:0px; padding:3px 3px 3px 3px\">\n\n<tr>\n\n<td>FID</td>\n\n<td>8</td>\n\n</tr>\n\n<tr bgcolor=\"#D4E4F3\">\n\n<td>UF</td>\n\n<td>ES</td>\n\n</tr>\n\n<tr>\n\n<td>MUNIC</td>\n\n<td>Santa Maria deJetib\u00e1</td>\n\n</tr>\n\n<tr bgcolor=\"#D4E4F3\">\n\n<td>LOCAL</td>\n\n<td>P\u00e1tio da Prefeitura Municipal de Santa Maria do Jetib\u00e1</td>\n\n</tr>\n\n<tr>\n\n<td>DATA_SETOR</td>\n\n<td>01/01/2012</td>\n\n</tr>\n\n<tr bgcolor=\"#D4E4F3\">\n\n<td>NUM_SETOR</td>\n\n<td>ES_SM_SR_09_CPRM</td>\n\n</tr>\n\n<tr>\n\n<td>TIPOLOGIA</td>\n\n<td>Escorregamento Planar</td>\n\n</tr>\n\n<tr bgcolor=\"#D4E4F3\">\n\n<td>SITUACAO</td>\n\n<td></td>\n\n</tr>\n\n<tr>\n\n<td>DESCRICAO</td>\n\n<td>\u00c1rea com deslizamentos em taludes de corte mal executados e danifica\u00e7\u00e3o de obras por processos erosivos, por defici\u00eancia das obras de controle das \u00e1guas das chuvas; com alto potencial de recorr\u00eancia dos processos</td>\n\n</tr>\n\n<tr bgcolor=\"#D4E4F3\">\n\n<td>NUM_MORAD</td>\n\n<td>6</td>\n\n</tr>\n\n<tr>\n\n<td>NUM_PESS</td>\n\n<td>6</td>\n\n</tr>\n\n<tr bgcolor=\"#D4E4F3\">\n\n<td>OBS_OCUP</td>\n\n<td>Valor de pessoas \u00e9 vari\u00e1vel.</td>\n\n</tr>\n\n<tr>\n\n<td>GRAU_VULNE</td>\n\n<td></td>\n\n</tr>\n\n<tr bgcolor=\"#D4E4F3\">\n\n<td>GRAU_RISCO</td>\n\n<td>Muito Alto</td>\n\n</tr>\n\n<tr>\n\n<td>SUG_INTERV</td>\n\n<td>Obras de conten\u00e7\u00e3o de taludes e de redimencionamento das obras de controle das \u00e1guas das chuvas</td>\n\n</tr>\n\n<tr bgcolor=\"#D4E4F3\">\n\n<td>ORGAO_EXEC</td>\n\n<td>CPRM</td>\n\n</tr>\n\n<tr>\n\n<td>PROJETO</td>\n\n<td>A\u00e7\u00e3o Emergencial Para Reconhecimento De \u00c1reas De Alto E Muito Alto Risco A Movimentos De Massas E Enchentes</td>\n\n</tr>\n\n<tr bgcolor=\"#D4E4F3\">\n\n<td>UTME</td>\n\n<td>317800</td>\n\n</tr>\n\n<tr>\n\n<td>UTMN</td>\n\n<td>7784000</td>\n\n</tr>\n\n<tr bgcolor=\"#D4E4F3\">\n\n<td>ZONA</td>\n\n<td>24</td>\n\n</tr>\n\n</table>\n\n</td>\n\n</tr>\n\n</table>\n\n</body>\n\n</html>", "styleUrl": "#PolyStyle00112"}, "geometry": {"type": "Polygon", "coordinates": [[[-40.74210528592626, -20.03195229556819, 0.0], [-40.74223035311518, -20.03194522070453, 0.0], [-40.74255214652928, -20.03199591387517, 0.0], [-40.74266140081402, -20.03211079504786, 0.0], [-40.74264954505303, -20.03218019659698, 0.0], [-40.74264749603714, -20.03218955598009, 0.0], [-40.74258613651602, -20.03234978006711, 0.0], [-40.74253466686582, -20.03242124990295, 0.0], [-40.74240075230141, -20.03246916769336, 0.0], [-40.74239001711619, -20.03247395893912, 0.0], [-40.74223012078483, -20.03251187859827, 0.0], [-40.74213641152285, -20.03251218280211, 0.0], [-40.74199776525042, -20.03249458263864, 0.0], [-40.74192633387169, -20.03247941737166, 0.0], [-40.74186054214212, -20.03244968582779, 0.0], [-40.74182553037964, -20.03240845051386, 0.0], [-40.74177865175658, -20.03235935210962, 0.0], [-40.7417602376621, -20.03223238438117, 0.0], [-40.74179198360208, -20.03215748707775, 0.0], [-40.74189066797233, -20.03203881526709, 0.0], [-40.74197241105251, -20.03196810005693, 0.0], [-40.74210528592626, -20.03195229556819, 0.0]]]}, "id": "ID_00008"}], "name": "/tmp/outputs/"}