[
  {
    "id": 1,
    "nome": "ALAMEDA DOS IPÊS",
    "tipo": "ALAMEDA"
  },
  {
    "id": 2,
    "nome": "ALAMEDA FAMILIA PAGINI",
    "tipo": "ALAMEDA"
  },
  {
    "id": 3,
    "nome": "AVENIDA ALMIR JULIÃO SIMÕES",
    "tipo": "AVENIDA"
  },
  {
    "id": 4,
    "nome": "AVENIDA ALVANO GILBERTO GONÇALVES",
    "tipo": "AVENIDA"
  },
  {
    "id": 5,
    "nome": "AVENIDA FREDERICO GRULKE",
    "tipo": "AVENIDA"
  },
  {
    "id": 6,
    "nome": "AVENIDA GERMANO PISSOLER",
    "tipo": "AVENIDA"
  },
  {
    "id": 7,
    "nome": "AVENIDA JOÃO PEDRO LAUVERS",
    "tipo": "AVENIDA"
  },
  {
    "id": 8,
    "nome": "AVENIDA LUIZ GUILHERME HENRIQUE POTRATZ",
    "tipo": "AVENIDA"
  },
  {
    "id": 9,
    "nome": "AVENIDA OTTO THOM",
    "tipo": "AVENIDA"
  },
  {
    "id": 10,
    "nome": "AVENIDA REYNALDO BERGER",
    "tipo": "AVENIDA"
  },
  {
    "id": 11,
    "nome": "BECO 07 DE SETEMBRO",
    "tipo": "BECO"
  },
  {
    "id": 12,
    "nome": "ESCADARIA JOÃO GOMES DE OLIVEIRA",
    "tipo": "ESCADARIA"
  },
  {
    "id": 13,
    "nome": "ESCADARIA MAURILIO PANSINI",
    "tipo": "ESCADARIA"
  },
  {
    "id": 14,
    "nome": "ESTRADA ALFREDO SCHAEFFER",
    "tipo": "ESTRADA"
  },
  {
    "id": 15,
    "nome": "ESTRADA CHRISTIANO STANGE",
    "tipo": "ESTRADA"
  },
  {
    "id": 16,
    "nome": "ESTRADA EDUARDO HELL",
    "tipo": "ESTRADA"
  },
  {
    "id": 17,
    "nome": "ESTRADA EMÍLIO GUSTAVO FRANZ HOLZ",
    "tipo": "ESTRADA"
  },
  {
    "id": 18,
    "nome": "ESTRADA GERMANO GUILHERME ALBERTO KNAAK",
    "tipo": "ESTRADA"
  },
  {
    "id": 19,
    "nome": "ESTRADA GERMANO GUILHERME ALBERTO KNAAK 2",
    "tipo": "ESTRADA"
  },
  {
    "id": 20,
    "nome": "ESTRADA GUILHERME JOÃO FREDERICO KRUGER",
    "tipo": "ESTRADA"
  },
  {
    "id": 21,
    "nome": "ESTRADA GUILHERME RICARDO LUIZ THOM",
    "tipo": "ESTRADA"
  },
  {
    "id": 22,
    "nome": "ESTRADA HENRIQUE CARLOS FREDERICO BERGER",
    "tipo": "ESTRADA"
  },
  {
    "id": 23,
    "nome": "ESTRADA LEOPOLDO STANGE",
    "tipo": "ESTRADA"
  },
  {
    "id": 24,
    "nome": "ESTRADA LUCIANO STANGE",
    "tipo": "ESTRADA"
  },
  {
    "id": 25,
    "nome": "ESTRADA PAULO KUSTER",
    "tipo": "ESTRADA"
  },
  {
    "id": 26,
    "nome": "ESTRADA RAYMUNDO NEUMANN",
    "tipo": "ESTRADA"
  },
  {
    "id": 27,
    "nome": "ESTRADA REGINA SCHULZ DONES",
    "tipo": "ESTRADA"
  },
  {
    "id": 28,
    "nome": "ESTRADA ROTA DA PEDRA",
    "tipo": "ESTRADA"
  },
  {
    "id": 29,
    "nome": "ESTRADA RUBENS STREY",
    "tipo": "ESTRADA"
  },
  {
    "id": 30,
    "nome": "LADEIRA AUGUSTO HENRIQUE BERTOLDO ERDMANN",
    "tipo": "LADEIRA"
  },
  {
    "id": 31,
    "nome": "LADEIRA AVELINO GUILHERME",
    "tipo": "LADEIRA"
  },
  {
    "id": 32,
    "nome": "LADEIRA CANTINHO DO CÉU",
    "tipo": "LADEIRA"
  },
  {
    "id": 33,
    "nome": "LADEIRA ESTHÉRIO SEBASTIÃO COLNAGO",
    "tipo": "LADEIRA"
  },
  {
    "id": 34,
    "nome": "LADEIRA EVELINA STANGE",
    "tipo": "LADEIRA"
  },
  {
    "id": 35,
    "nome": "LADEIRA FAMÍLIA ALVES",
    "tipo": "LADEIRA"
  },
  {
    "id": 36,
    "nome": "LADEIRA FLORENCIO SCHULTZ",
    "tipo": "LADEIRA"
  },
  {
    "id": 37,
    "nome": "LADEIRA IRMÃ TERÉSIA",
    "tipo": "LADEIRA"
  },
  {
    "id": 38,
    "nome": "LADEIRA LUCIA MARIA BARTH CANDEIA",
    "tipo": "LADEIRA"
  },
  {
    "id": 39,
    "nome": "LADEIRA MANOEL CANDEIA",
    "tipo": "LADEIRA"
  },
  {
    "id": 40,
    "nome": "LADEIRA NAUDEMIRO GUILHERME",
    "tipo": "LADEIRA"
  },
  {
    "id": 41,
    "nome": "LADEIRA RODOLPHO ALBERTO VESPER",
    "tipo": "LADEIRA"
  },
  {
    "id": 42,
    "nome": "LADEIRA VALDIR BERGER",
    "tipo": "LADEIRA"
  },
  {
    "id": 43,
    "nome": "LADEIRA WALTER WENDELINOS HUGO TOPFER",
    "tipo": "LADEIRA"
  },
  {
    "id": 44,
    "nome": "RODOVIA BELMIRO POTRATZ",
    "tipo": "RODOVIA"
  },
  {
    "id": 45,
    "nome": "RODOVIA DALMÁCIO ESPÍNDULA",
    "tipo": "RODOVIA"
  },
  {
    "id": 46,
    "nome": "RODOVIA DR. AFONSO SCHWAB",
    "tipo": "RODOVIA"
  },
  {
    "id": 47,
    "nome": "RODOVIA GALERANO AFONSO VENTURINI",
    "tipo": "RODOVIA"
  },
  {
    "id": 48,
    "nome": "RODOVIA GERSON VESPER",
    "tipo": "RODOVIA"
  },
  {
    "id": 49,
    "nome": "RODOVIA KURT KARL LUDWIG KERCKHOFF",
    "tipo": "RODOVIA"
  },
  {
    "id": 50,
    "nome": "RODOVIA LUIZ STANGE",
    "tipo": "RODOVIA"
  },
  {
    "id": 51,
    "nome": "RODOVIA MARTIN FREDERICO GUILHERME ERDMANN",
    "tipo": "RODOVIA"
  },
  {
    "id": 52,
    "nome": "RODOVIA NICOLAU SCHIFFLER",
    "tipo": "RODOVIA"
  },
  {
    "id": 53,
    "nome": "RODOVIA TEODORO ALBERTO JOÃO GUILHERME SCHMIDT",
    "tipo": "RODOVIA"
  },
  {
    "id": 54,
    "nome": "RODOVIA THEODORO ALBERTO HERMANO SCHOENROCK",
    "tipo": "RODOVIA"
  },
  {
    "id": 55,
    "nome": "RODOVIA VITOR PONATH",
    "tipo": "RODOVIA"
  },
  {
    "id": 56,
    "nome": "RODOVIA ÉDER CARLOS WILWOCK",
    "tipo": "RODOVIA"
  },
  {
    "id": 57,
    "nome": "RUA 03 DE MAIO",
    "tipo": "RUA"
  },
  {
    "id": 58,
    "nome": "RUA 06 DE MAIO",
    "tipo": "RUA"
  },
  {
    "id": 59,
    "nome": "RUA 19 DE ABRIL",
    "tipo": "RUA"
  },
  {
    "id": 60,
    "nome": "RUA 1º DE MAIO",
    "tipo": "RUA"
  },
  {
    "id": 61,
    "nome": "RUA 24 DE JUNHO",
    "tipo": "RUA"
  },
  {
    "id": 62,
    "nome": "RUA 25 DE JULHO",
    "tipo": "RUA"
  },
  {
    "id": 63,
    "nome": "RUA 31 DE OUTUBRO",
    "tipo": "RUA"
  },
  {
    "id": 64,
    "nome": "RUA ABRAHAO IGNACIO LAURETT",
    "tipo": "RUA"
  },
  {
    "id": 65,
    "nome": "RUA ABRAHÃO ISAAC CARLOS LAUVRES",
    "tipo": "RUA"
  },
  {
    "id": 66,
    "nome": "RUA ABRAHÃO JOÃO BOONE",
    "tipo": "RUA"
  },
  {
    "id": 67,
    "nome": "RUA ADALTO HILGERT",
    "tipo": "RUA"
  },
  {
    "id": 68,
    "nome": "RUA ADELIA PLASTER LAUVERS",
    "tipo": "RUA"
  },
  {
    "id": 69,
    "nome": "RUA ADHEMAR SASSEMBURG",
    "tipo": "RUA"
  },
  {
    "id": 70,
    "nome": "RUA ADILSON WOLFGRAMM",
    "tipo": "RUA"
  },
  {
    "id": 71,
    "nome": "RUA ADOLFO ALBERTO LUIZ BELZ",
    "tipo": "RUA"
  },
  {
    "id": 72,
    "nome": "RUA ADOLFO BERENDTH",
    "tipo": "RUA"
  },
  {
    "id": 73,
    "nome": "RUA ADOLFO GUILHERME BERTOLDO SCHWAMBACH",
    "tipo": "RUA"
  },
  {
    "id": 74,
    "nome": "RUA ADOLFO WOLFGRAMM",
    "tipo": "RUA"
  },
  {
    "id": 75,
    "nome": "RUA ADOLPHO LOURENÇO ERNESTO BERGER",
    "tipo": "RUA"
  },
  {
    "id": 76,
    "nome": "RUA ADOLPHO MARQUARDT",
    "tipo": "RUA"
  },
  {
    "id": 77,
    "nome": "RUA ADRIANA JACOB",
    "tipo": "RUA"
  },
  {
    "id": 78,
    "nome": "RUA AGILSON TONOLI",
    "tipo": "RUA"
  },
  {
    "id": 79,
    "nome": "RUA ALBERTINA THOMAZ SCHULTZ",
    "tipo": "RUA"
  },
  {
    "id": 80,
    "nome": "RUA ALBERTO ARTHUR SEIDLER",
    "tipo": "RUA"
  },
  {
    "id": 81,
    "nome": "RUA ALBERTO BERGER",
    "tipo": "RUA"
  },
  {
    "id": 82,
    "nome": "RUA ALBERTO BERTHOLD HINDRICK KLABUND",
    "tipo": "RUA"
  },
  {
    "id": 83,
    "nome": "RUA ALBERTO CARL EMIL MARQUARDT",
    "tipo": "RUA"
  },
  {
    "id": 84,
    "nome": "RUA ALBERTO DA FELICIDADE",
    "tipo": "RUA"
  },
  {
    "id": 85,
    "nome": "RUA ALBERTO FLEGER",
    "tipo": "RUA"
  },
  {
    "id": 86,
    "nome": "RUA ALBERTO GUILHERME AUGUSTO MARQUARDT",
    "tipo": "RUA"
  },
  {
    "id": 87,
    "nome": "RUA ALBERTO GUILHERME BERTOLDO AUGUSTO ARNHOLZ",
    "tipo": "RUA"
  },
  {
    "id": 88,
    "nome": "RUA ALBERTO HERMANN BOLDT",
    "tipo": "RUA"
  },
  {
    "id": 89,
    "nome": "RUA ALBERTO NASS",
    "tipo": "RUA"
  },
  {
    "id": 90,
    "nome": "RUA ALBERTO RICARDO ERNESTO WESTPHAL",
    "tipo": "RUA"
  },
  {
    "id": 91,
    "nome": "RUA ALBERTO RICARDO RICHARD GUMS",
    "tipo": "RUA"
  },
  {
    "id": 92,
    "nome": "RUA ALDREDO PRASSER",
    "tipo": "RUA"
  },
  {
    "id": 93,
    "nome": "RUA ALFREDO EMÍLIO RODRIGUES",
    "tipo": "RUA"
  },
  {
    "id": 94,
    "nome": "RUA ALFREDO GERMANO ERNESTO THOM",
    "tipo": "RUA"
  },
  {
    "id": 95,
    "nome": "RUA ALFREDO KUSTER",
    "tipo": "RUA"
  },
  {
    "id": 96,
    "nome": "RUA ALFREDO PETER",
    "tipo": "RUA"
  },
  {
    "id": 97,
    "nome": "RUA ALFREDO PONATH",
    "tipo": "RUA"
  },
  {
    "id": 98,
    "nome": "RUA ALFREDO POTRATZ",
    "tipo": "RUA"
  },
  {
    "id": 99,
    "nome": "RUA ALFREDO RATZKE",
    "tipo": "RUA"
  },
  {
    "id": 100,
    "nome": "RUA ALFREDO VITOR VERVLOET",
    "tipo": "RUA"
  },
  {
    "id": 101,
    "nome": "RUA ALMERINDO ABELDT",
    "tipo": "RUA"
  },
  {
    "id": 102,
    "nome": "RUA ALVINA REETZ  RAESE",
    "tipo": "RUA"
  },
  {
    "id": 103,
    "nome": "RUA ALVINA TESCH EGGERT",
    "tipo": "RUA"
  },
  {
    "id": 104,
    "nome": "RUA ALZIRA MARIA HOLANDA BOLDT",
    "tipo": "RUA"
  },
  {
    "id": 105,
    "nome": "RUA AMÁLIA HOLZ BOLDT",
    "tipo": "RUA"
  },
  {
    "id": 106,
    "nome": "RUA AMÁLIA JOANA JACOB KÜSTER",
    "tipo": "RUA"
  },
  {
    "id": 107,
    "nome": "RUA AMÉLIA LAURET RANGEL",
    "tipo": "RUA"
  },
  {
    "id": 108,
    "nome": "RUA ANA PAULA BERGER",
    "tipo": "RUA"
  },
  {
    "id": 109,
    "nome": "RUA ANDRÉ SCHROEDER",
    "tipo": "RUA"
  },
  {
    "id": 110,
    "nome": "RUA ANGELIN EGGERT",
    "tipo": "RUA"
  },
  {
    "id": 111,
    "nome": "RUA ANICE GOMES DE BRITO",
    "tipo": "RUA"
  },
  {
    "id": 112,
    "nome": "RUA ANINHA NITZ",
    "tipo": "RUA"
  },
  {
    "id": 113,
    "nome": "RUA ANITA KUSTER ROSSIMANN",
    "tipo": "RUA"
  },
  {
    "id": 114,
    "nome": "RUA ANNA ERDMANN RÖPKE",
    "tipo": "RUA"
  },
  {
    "id": 115,
    "nome": "RUA ANNA JACOB VESPER",
    "tipo": "RUA"
  },
  {
    "id": 116,
    "nome": "RUA ANNA PONATH SCHNEIDER",
    "tipo": "RUA"
  },
  {
    "id": 117,
    "nome": "RUA ANTONIO ARNECINI REGONINI",
    "tipo": "RUA"
  },
  {
    "id": 118,
    "nome": "RUA ANTONIO BEHREND",
    "tipo": "RUA"
  },
  {
    "id": 119,
    "nome": "RUA ANTÔNIO SANTOS",
    "tipo": "RUA"
  },
  {
    "id": 120,
    "nome": "RUA ARMINDO BERGER",
    "tipo": "RUA"
  },
  {
    "id": 121,
    "nome": "RUA ARNO BERGER",
    "tipo": "RUA"
  },
  {
    "id": 122,
    "nome": "RUA ARNO BULL",
    "tipo": "RUA"
  },
  {
    "id": 123,
    "nome": "RUA ARNOLD BEHRENT",
    "tipo": "RUA"
  },
  {
    "id": 124,
    "nome": "RUA ARTHUR ABELD",
    "tipo": "RUA"
  },
  {
    "id": 125,
    "nome": "RUA ARTHUR LEMKE",
    "tipo": "RUA"
  },
  {
    "id": 126,
    "nome": "RUA ARTHUR SCHWAMBACH",
    "tipo": "RUA"
  },
  {
    "id": 127,
    "nome": "RUA ARTUR FERDIN",
    "tipo": "RUA"
  },
  {
    "id": 128,
    "nome": "RUA AUGUSTA MARIA DE OLIVEIRA",
    "tipo": "RUA"
  },
  {
    "id": 129,
    "nome": "RUA AUGUSTO ALBERTO HUGO BERTHOLDO KOHLERT",
    "tipo": "RUA"
  },
  {
    "id": 130,
    "nome": "RUA AUGUSTO BOLDT",
    "tipo": "RUA"
  },
  {
    "id": 131,
    "nome": "RUA AUGUSTO CARLOS ALBERTO HENKE",
    "tipo": "RUA"
  },
  {
    "id": 132,
    "nome": "RUA AUGUSTO CARLOS VESPER",
    "tipo": "RUA"
  },
  {
    "id": 133,
    "nome": "RUA AUGUSTO FRIEDRICH",
    "tipo": "RUA"
  },
  {
    "id": 134,
    "nome": "RUA AUGUSTO HENRIQUE HERMANN THUROW",
    "tipo": "RUA"
  },
  {
    "id": 135,
    "nome": "RUA AUGUSTO ISAAK CARLOS GUILHERME KÜSTER",
    "tipo": "RUA"
  },
  {
    "id": 136,
    "nome": "RUA AUGUSTO JACOB",
    "tipo": "RUA"
  },
  {
    "id": 137,
    "nome": "RUA AUGUSTO MARTINS GERMANO VESPER",
    "tipo": "RUA"
  },
  {
    "id": 138,
    "nome": "RUA AUGUSTO OTTO FRANZ LUIZ ZAAGER",
    "tipo": "RUA"
  },
  {
    "id": 139,
    "nome": "RUA AUGUSTO PAGUNG",
    "tipo": "RUA"
  },
  {
    "id": 140,
    "nome": "RUA AVELINO COUTINHO RANGEL",
    "tipo": "RUA"
  },
  {
    "id": 141,
    "nome": "RUA AZALÉIA",
    "tipo": "RUA"
  },
  {
    "id": 142,
    "nome": "RUA BEGÔNIA",
    "tipo": "RUA"
  },
  {
    "id": 143,
    "nome": "RUA BELA ALVORADA",
    "tipo": "RUA"
  },
  {
    "id": 144,
    "nome": "RUA BELA VISTA",
    "tipo": "RUA"
  },
  {
    "id": 145,
    "nome": "RUA BERNARDINO RAIMUNDO CORONA",
    "tipo": "RUA"
  },
  {
    "id": 146,
    "nome": "RUA BERTHA WILHERMINA FREDERICA POTIM",
    "tipo": "RUA"
  },
  {
    "id": 147,
    "nome": "RUA BERTHOLD JAKOB",
    "tipo": "RUA"
  },
  {
    "id": 148,
    "nome": "RUA BERTHOLDO BUTZKE",
    "tipo": "RUA"
  },
  {
    "id": 149,
    "nome": "RUA BERTHOLDO FRANZ HENRIQUE RAMLOW",
    "tipo": "RUA"
  },
  {
    "id": 150,
    "nome": "RUA BOA VISTA",
    "tipo": "RUA"
  },
  {
    "id": 151,
    "nome": "RUA BRINCO DE PRINCESA",
    "tipo": "RUA"
  },
  {
    "id": 152,
    "nome": "RUA BRUNO JACOB",
    "tipo": "RUA"
  },
  {
    "id": 153,
    "nome": "RUA BUGANVILE",
    "tipo": "RUA"
  },
  {
    "id": 154,
    "nome": "RUA CAMILO VIEIRA MENDONÇA",
    "tipo": "RUA"
  },
  {
    "id": 155,
    "nome": "RUA CAMPO VERDE",
    "tipo": "RUA"
  },
  {
    "id": 156,
    "nome": "RUA CARLITO HOFFMANN",
    "tipo": "RUA"
  },
  {
    "id": 157,
    "nome": "RUA CARLOS ALBERTO GUILHERME GUMS",
    "tipo": "RUA"
  },
  {
    "id": 158,
    "nome": "RUA CARLOS ALBERTO HERMANN VESPER",
    "tipo": "RUA"
  },
  {
    "id": 159,
    "nome": "RUA CARLOS BINOW",
    "tipo": "RUA"
  },
  {
    "id": 160,
    "nome": "RUA CARLOS FREDERICO REINKE",
    "tipo": "RUA"
  },
  {
    "id": 161,
    "nome": "RUA CARLOS GOEHRING",
    "tipo": "RUA"
  },
  {
    "id": 162,
    "nome": "RUA CARLOS GUILHERME ALBERT DOBRUNS",
    "tipo": "RUA"
  },
  {
    "id": 163,
    "nome": "RUA CASSIA BEZERRA MARQUARDT",
    "tipo": "RUA"
  },
  {
    "id": 164,
    "nome": "RUA CELINA LUZIA REISEN THOM",
    "tipo": "RUA"
  },
  {
    "id": 165,
    "nome": "RUA CELSO JELSON WALTHER",
    "tipo": "RUA"
  },
  {
    "id": 166,
    "nome": "RUA CLARA TESCH ESPÍNDULA",
    "tipo": "RUA"
  },
  {
    "id": 167,
    "nome": "RUA CLEMENTE BERGER",
    "tipo": "RUA"
  },
  {
    "id": 168,
    "nome": "RUA CLÓVIS BERGER",
    "tipo": "RUA"
  },
  {
    "id": 169,
    "nome": "RUA CRAVO",
    "tipo": "RUA"
  },
  {
    "id": 170,
    "nome": "RUA CÉLIA DE FREITAS",
    "tipo": "RUA"
  },
  {
    "id": 171,
    "nome": "RUA DA AMIZADE",
    "tipo": "RUA"
  },
  {
    "id": 172,
    "nome": "RUA DA CONQUISTA",
    "tipo": "RUA"
  },
  {
    "id": 173,
    "nome": "RUA DA ESPERANÇA",
    "tipo": "RUA"
  },
  {
    "id": 174,
    "nome": "RUA DA PAZ",
    "tipo": "RUA"
  },
  {
    "id": 175,
    "nome": "RUA DALILA BERGER BRANDT",
    "tipo": "RUA"
  },
  {
    "id": 176,
    "nome": "RUA DALMÁCIO ESPÍNDULA",
    "tipo": "RUA"
  },
  {
    "id": 177,
    "nome": "RUA DANIEL GARBRECHT",
    "tipo": "RUA"
  },
  {
    "id": 178,
    "nome": "RUA DANIEL LIDIG",
    "tipo": "RUA"
  },
  {
    "id": 179,
    "nome": "RUA DANIEL STIEG",
    "tipo": "RUA"
  },
  {
    "id": 180,
    "nome": "RUA DANILO EMILIO ROBERTO HOLZ",
    "tipo": "RUA"
  },
  {
    "id": 181,
    "nome": "RUA DAS BROMÉLIAS",
    "tipo": "RUA"
  },
  {
    "id": 182,
    "nome": "RUA DAS ORQUÍDEAS",
    "tipo": "RUA"
  },
  {
    "id": 183,
    "nome": "RUA DAS PALMEIRAS",
    "tipo": "RUA"
  },
  {
    "id": 184,
    "nome": "RUA DAVID AUGUSTO REYNALDO HOLZ",
    "tipo": "RUA"
  },
  {
    "id": 185,
    "nome": "RUA DAVID BUTZKE",
    "tipo": "RUA"
  },
  {
    "id": 186,
    "nome": "RUA DAVID MARQUARDT",
    "tipo": "RUA"
  },
  {
    "id": 187,
    "nome": "RUA DEVALD JACOB",
    "tipo": "RUA"
  },
  {
    "id": 188,
    "nome": "RUA DJALMA GAEDE",
    "tipo": "RUA"
  },
  {
    "id": 189,
    "nome": "RUA DO IMIGRANTE",
    "tipo": "RUA"
  },
  {
    "id": 190,
    "nome": "RUA DORATHÉA GOEHINGER HARTWIG",
    "tipo": "RUA"
  },
  {
    "id": 191,
    "nome": "RUA DORIO SALOMÃO",
    "tipo": "RUA"
  },
  {
    "id": 192,
    "nome": "RUA DOS COGUMELOS",
    "tipo": "RUA"
  },
  {
    "id": 193,
    "nome": "RUA DOS COQUEIROS",
    "tipo": "RUA"
  },
  {
    "id": 194,
    "nome": "RUA DOS EVANGÉLICOS",
    "tipo": "RUA"
  },
  {
    "id": 195,
    "nome": "RUA DOS PINHEIROS",
    "tipo": "RUA"
  },
  {
    "id": 196,
    "nome": "RUA EDUARDO ALBERTO GUSTAVO REPKE",
    "tipo": "RUA"
  },
  {
    "id": 197,
    "nome": "RUA EDUARDO BARTH BERGER",
    "tipo": "RUA"
  },
  {
    "id": 198,
    "nome": "RUA EHRENFRIED LOURENÇO AUGUSTO JACOB",
    "tipo": "RUA"
  },
  {
    "id": 199,
    "nome": "RUA EITEL JACOB",
    "tipo": "RUA"
  },
  {
    "id": 200,
    "nome": "RUA EITEL KUSTER",
    "tipo": "RUA"
  },
  {
    "id": 201,
    "nome": "RUA EITEL THOM",
    "tipo": "RUA"
  },
  {
    "id": 202,
    "nome": "RUA ELIAS GUILHERME SCHWANZ",
    "tipo": "RUA"
  },
  {
    "id": 203,
    "nome": "RUA ELINÉIA BERGER",
    "tipo": "RUA"
  },
  {
    "id": 204,
    "nome": "RUA ELZA JACOB HOLZ",
    "tipo": "RUA"
  },
  {
    "id": 205,
    "nome": "RUA ELZA ULECKE BULLERJAHN",
    "tipo": "RUA"
  },
  {
    "id": 206,
    "nome": "RUA EMILIA DOBRUNZ JACOB",
    "tipo": "RUA"
  },
  {
    "id": 207,
    "nome": "RUA EMILIA ROEPKE BOLDT",
    "tipo": "RUA"
  },
  {
    "id": 208,
    "nome": "RUA EMILIO ALFREDO AUGUSTO JACOB",
    "tipo": "RUA"
  },
  {
    "id": 209,
    "nome": "RUA EMILIO SCHWAMBACH",
    "tipo": "RUA"
  },
  {
    "id": 210,
    "nome": "RUA EMÍLIA MANSCK HAESE",
    "tipo": "RUA"
  },
  {
    "id": 211,
    "nome": "RUA EMÍLIO GUILHERME LOURENÇO ABELDT",
    "tipo": "RUA"
  },
  {
    "id": 212,
    "nome": "RUA EMÍLIO KALKE",
    "tipo": "RUA"
  },
  {
    "id": 213,
    "nome": "RUA EMÍLIO NICOLAU GUSTAVO STANGE",
    "tipo": "RUA"
  },
  {
    "id": 214,
    "nome": "RUA ERASMO JACOB",
    "tipo": "RUA"
  },
  {
    "id": 215,
    "nome": "RUA ERMEN SCHULZ",
    "tipo": "RUA"
  },
  {
    "id": 216,
    "nome": "RUA ERNA JACOB SCHOENROCK",
    "tipo": "RUA"
  },
  {
    "id": 217,
    "nome": "RUA EVANDRO BUSS",
    "tipo": "RUA"
  },
  {
    "id": 218,
    "nome": "RUA FAMÍLIA BEHREND",
    "tipo": "RUA"
  },
  {
    "id": 219,
    "nome": "RUA FERNANDO HAESE",
    "tipo": "RUA"
  },
  {
    "id": 220,
    "nome": "RUA FLAVIO SAAGER",
    "tipo": "RUA"
  },
  {
    "id": 221,
    "nome": "RUA FLORENCIO GUILHERME",
    "tipo": "RUA"
  },
  {
    "id": 222,
    "nome": "RUA FLORENTINO BERGER",
    "tipo": "RUA"
  },
  {
    "id": 223,
    "nome": "RUA FLORENTINO KUSTER",
    "tipo": "RUA"
  },
  {
    "id": 224,
    "nome": "RUA FLORENTINO PRASSER",
    "tipo": "RUA"
  },
  {
    "id": 225,
    "nome": "RUA FLORIANO ALBERTO TESCH",
    "tipo": "RUA"
  },
  {
    "id": 226,
    "nome": "RUA FLORIANO BERGER",
    "tipo": "RUA"
  },
  {
    "id": 227,
    "nome": "RUA FLORIANO REINALDO GERMANO JACOB",
    "tipo": "RUA"
  },
  {
    "id": 228,
    "nome": "RUA FLORINDA KRÜGER BOLDT",
    "tipo": "RUA"
  },
  {
    "id": 229,
    "nome": "RUA FLORÊNCIO AUGUSTO BERGER",
    "tipo": "RUA"
  },
  {
    "id": 230,
    "nome": "RUA FLORÊNCIO BAUSEN",
    "tipo": "RUA"
  },
  {
    "id": 231,
    "nome": "RUA FLORÊNCIO FREDOLINO JACOBSON",
    "tipo": "RUA"
  },
  {
    "id": 232,
    "nome": "RUA FLORÊNCIO GERMANO ALBERTO STORCH",
    "tipo": "RUA"
  },
  {
    "id": 233,
    "nome": "RUA FLORÊNCIO GUILHERME CARLOS THOM",
    "tipo": "RUA"
  },
  {
    "id": 234,
    "nome": "RUA FLORÊNCIO GUILHERME OTT",
    "tipo": "RUA"
  },
  {
    "id": 235,
    "nome": "RUA FLORÊNCIO HERMANO SCHULZ",
    "tipo": "RUA"
  },
  {
    "id": 236,
    "nome": "RUA FLOTELO BOLDT",
    "tipo": "RUA"
  },
  {
    "id": 237,
    "nome": "RUA FRANCISCO GUILHERME",
    "tipo": "RUA"
  },
  {
    "id": 238,
    "nome": "RUA FRANCISCO SCHWARTZ",
    "tipo": "RUA"
  },
  {
    "id": 239,
    "nome": "RUA FRANZ CARLOS FREDERICO JOÃ0 STUHR",
    "tipo": "RUA"
  },
  {
    "id": 240,
    "nome": "RUA FRANZ HOLZ",
    "tipo": "RUA"
  },
  {
    "id": 241,
    "nome": "RUA FRANZ ZAGER",
    "tipo": "RUA"
  },
  {
    "id": 242,
    "nome": "RUA FREDERICO EMILIO ABRAHÃO HOLZ",
    "tipo": "RUA"
  },
  {
    "id": 243,
    "nome": "RUA FREDERICO RAASCH",
    "tipo": "RUA"
  },
  {
    "id": 244,
    "nome": "RUA FREDERICO STANGE",
    "tipo": "RUA"
  },
  {
    "id": 245,
    "nome": "RUA FREDERICO TRESMANN",
    "tipo": "RUA"
  },
  {
    "id": 246,
    "nome": "RUA FRIDA PONATH PETER",
    "tipo": "RUA"
  },
  {
    "id": 247,
    "nome": "RUA FRIEDA JACOB MARQUARDT",
    "tipo": "RUA"
  },
  {
    "id": 248,
    "nome": "RUA FRIEDA MIERTSCHINK STANGE",
    "tipo": "RUA"
  },
  {
    "id": 249,
    "nome": "RUA FRIEDRICH BOLDT",
    "tipo": "RUA"
  },
  {
    "id": 250,
    "nome": "RUA GARDÊNIA",
    "tipo": "RUA"
  },
  {
    "id": 251,
    "nome": "RUA GELIANE HOLZ REINHOLZ",
    "tipo": "RUA"
  },
  {
    "id": 252,
    "nome": "RUA GENTIL GUILHERME",
    "tipo": "RUA"
  },
  {
    "id": 253,
    "nome": "RUA GERDA KRAUSE GUMZ",
    "tipo": "RUA"
  },
  {
    "id": 254,
    "nome": "RUA GERLINDA BEHLING BERGER",
    "tipo": "RUA"
  },
  {
    "id": 255,
    "nome": "RUA GERMANO AUGUSTO ALBERTO MARQUARDT",
    "tipo": "RUA"
  },
  {
    "id": 256,
    "nome": "RUA GERMANO FOESCH",
    "tipo": "RUA"
  },
  {
    "id": 257,
    "nome": "RUA GERMANO HENRIQUE EMILIO ROOSE",
    "tipo": "RUA"
  },
  {
    "id": 258,
    "nome": "RUA GERMANO MARQUARDT",
    "tipo": "RUA"
  },
  {
    "id": 259,
    "nome": "RUA GERMANO PLASTER",
    "tipo": "RUA"
  },
  {
    "id": 260,
    "nome": "RUA GIGANTE DA COLINA",
    "tipo": "RUA"
  },
  {
    "id": 261,
    "nome": "RUA GUENTHER HELMAR ROELKE",
    "tipo": "RUA"
  },
  {
    "id": 262,
    "nome": "RUA GUERLINDA KUSTER",
    "tipo": "RUA"
  },
  {
    "id": 263,
    "nome": "RUA GUILHERME BERNARDO JULIO GAEDE",
    "tipo": "RUA"
  },
  {
    "id": 264,
    "nome": "RUA GUILHERME BINOW",
    "tipo": "RUA"
  },
  {
    "id": 265,
    "nome": "RUA GUILHERME FLEGLER",
    "tipo": "RUA"
  },
  {
    "id": 266,
    "nome": "RUA GUILHERME GUMZ",
    "tipo": "RUA"
  },
  {
    "id": 267,
    "nome": "RUA GUILHERME MIERTSCHINK",
    "tipo": "RUA"
  },
  {
    "id": 268,
    "nome": "RUA GUILHERME WESTPHAL",
    "tipo": "RUA"
  },
  {
    "id": 269,
    "nome": "RUA GUSTAVO CARLOS AUGUSTO BERGER",
    "tipo": "RUA"
  },
  {
    "id": 270,
    "nome": "RUA GUSTAVO HENKE",
    "tipo": "RUA"
  },
  {
    "id": 271,
    "nome": "RUA GUSTAVO JASTROW",
    "tipo": "RUA"
  },
  {
    "id": 272,
    "nome": "RUA GUSTAVO STREY",
    "tipo": "RUA"
  },
  {
    "id": 273,
    "nome": "RUA GÜNTHER BULL",
    "tipo": "RUA"
  },
  {
    "id": 274,
    "nome": "RUA HELENA TREICKEL FOESCH",
    "tipo": "RUA"
  },
  {
    "id": 275,
    "nome": "RUA HELMUT GUMS",
    "tipo": "RUA"
  },
  {
    "id": 276,
    "nome": "RUA HENRIQUE ALVIM FERNANDO KRAUSE",
    "tipo": "RUA"
  },
  {
    "id": 277,
    "nome": "RUA HENRIQUE BOLDT",
    "tipo": "RUA"
  },
  {
    "id": 278,
    "nome": "RUA HENRIQUE EGGERT",
    "tipo": "RUA"
  },
  {
    "id": 279,
    "nome": "RUA HENRIQUE EMILIO ALBERTO MARQUARDT",
    "tipo": "RUA"
  },
  {
    "id": 280,
    "nome": "RUA HENRIQUE FREDERICO STHUR",
    "tipo": "RUA"
  },
  {
    "id": 281,
    "nome": "RUA HENRIQUE GERMANO FREDERICO HOLZ",
    "tipo": "RUA"
  },
  {
    "id": 282,
    "nome": "RUA HENRIQUE HOFFMANN",
    "tipo": "RUA"
  },
  {
    "id": 283,
    "nome": "RUA HENRIQUE JOÃO JÚLIO KUSTER",
    "tipo": "RUA"
  },
  {
    "id": 284,
    "nome": "RUA HENRIQUE KOEHLERT",
    "tipo": "RUA"
  },
  {
    "id": 285,
    "nome": "RUA HENRIQUE KRÜGER",
    "tipo": "RUA"
  },
  {
    "id": 286,
    "nome": "RUA HENRIQUE POTRATZ",
    "tipo": "RUA"
  },
  {
    "id": 287,
    "nome": "RUA HERA ALEMÃ",
    "tipo": "RUA"
  },
  {
    "id": 288,
    "nome": "RUA HERMANN CARLOS MARTIN SCHLIEWE",
    "tipo": "RUA"
  },
  {
    "id": 289,
    "nome": "RUA HERMANN DOBRUNS",
    "tipo": "RUA"
  },
  {
    "id": 290,
    "nome": "RUA HERMANN MIERTSCHINK",
    "tipo": "RUA"
  },
  {
    "id": 291,
    "nome": "RUA HERMANN ROELKE",
    "tipo": "RUA"
  },
  {
    "id": 292,
    "nome": "RUA HERMES MAGDALON",
    "tipo": "RUA"
  },
  {
    "id": 293,
    "nome": "RUA HILLARY POTRATZ BERTOTTI",
    "tipo": "RUA"
  },
  {
    "id": 294,
    "nome": "RUA HULDA WOLFGRAM KLABUNDE",
    "tipo": "RUA"
  },
  {
    "id": 295,
    "nome": "RUA HUMBERTO GERALDO PRASSER",
    "tipo": "RUA"
  },
  {
    "id": 296,
    "nome": "RUA IDA FRIEDRICH MARQUARDT",
    "tipo": "RUA"
  },
  {
    "id": 297,
    "nome": "RUA IDA STANGE VOLZ",
    "tipo": "RUA"
  },
  {
    "id": 298,
    "nome": "RUA ILSON ULIANA",
    "tipo": "RUA"
  },
  {
    "id": 299,
    "nome": "RUA INÁ DUARTE MÉDICI",
    "tipo": "RUA"
  },
  {
    "id": 300,
    "nome": "RUA IRINEU GOMES DOS SANTOS",
    "tipo": "RUA"
  },
  {
    "id": 301,
    "nome": "RUA IZIDORO HAMMER",
    "tipo": "RUA"
  },
  {
    "id": 302,
    "nome": "RUA JACOB ABRAHÃO CARLOS LAUVERS",
    "tipo": "RUA"
  },
  {
    "id": 303,
    "nome": "RUA JAHEL DOS SANTOS FELICIDADE",
    "tipo": "RUA"
  },
  {
    "id": 304,
    "nome": "RUA JANETTA EMILIA SCHULZ ROSS",
    "tipo": "RUA"
  },
  {
    "id": 305,
    "nome": "RUA JANETTA SCHNEIDER STANGE",
    "tipo": "RUA"
  },
  {
    "id": 306,
    "nome": "RUA JEAN CARLOS REDAELI HERBST",
    "tipo": "RUA"
  },
  {
    "id": 307,
    "nome": "RUA JEQUITIBÁ",
    "tipo": "RUA"
  },
  {
    "id": 308,
    "nome": "RUA JERRI ADRIANO DE ARAUJO LAUVERS",
    "tipo": "RUA"
  },
  {
    "id": 309,
    "nome": "RUA JOANA BRANDT MAIER",
    "tipo": "RUA"
  },
  {
    "id": 310,
    "nome": "RUA JOANA CAPICHE BRAUN",
    "tipo": "RUA"
  },
  {
    "id": 311,
    "nome": "RUA JOCIMAR MUNIZ",
    "tipo": "RUA"
  },
  {
    "id": 312,
    "nome": "RUA JOHANNA LUIZA AUGUSTA MARQUARDT KOEHLERT",
    "tipo": "RUA"
  },
  {
    "id": 313,
    "nome": "RUA JOSE MARIA BARBOZA",
    "tipo": "RUA"
  },
  {
    "id": 314,
    "nome": "RUA JOSÉ ANTERO DE SOUSA",
    "tipo": "RUA"
  },
  {
    "id": 315,
    "nome": "RUA JOSÉ CONTE",
    "tipo": "RUA"
  },
  {
    "id": 316,
    "nome": "RUA JOSÉ MÜLLER",
    "tipo": "RUA"
  },
  {
    "id": 317,
    "nome": "RUA JOSÉ RIBAMAR PEREIRA DA SILVA",
    "tipo": "RUA"
  },
  {
    "id": 318,
    "nome": "RUA JOZINA KEPPO GUMS",
    "tipo": "RUA"
  },
  {
    "id": 319,
    "nome": "RUA JOÃO BAUSEN",
    "tipo": "RUA"
  },
  {
    "id": 320,
    "nome": "RUA JOÃO MEIER",
    "tipo": "RUA"
  },
  {
    "id": 321,
    "nome": "RUA JOÃO SCHRÖEDER",
    "tipo": "RUA"
  },
  {
    "id": 322,
    "nome": "RUA JULIUS CARLOS AUGUSTO HOLZ",
    "tipo": "RUA"
  },
  {
    "id": 323,
    "nome": "RUA JULIUS HARTWIG",
    "tipo": "RUA"
  },
  {
    "id": 324,
    "nome": "RUA JULIUS KRÜGER",
    "tipo": "RUA"
  },
  {
    "id": 325,
    "nome": "RUA JÚLIO ALBERTO RÜSTER",
    "tipo": "RUA"
  },
  {
    "id": 326,
    "nome": "RUA LAURA JASTROW GARBRECHT",
    "tipo": "RUA"
  },
  {
    "id": 327,
    "nome": "RUA LAURA LAUVERS STUHR",
    "tipo": "RUA"
  },
  {
    "id": 328,
    "nome": "RUA LAURA MARTHA FRANCISCA SCHULTZ",
    "tipo": "RUA"
  },
  {
    "id": 329,
    "nome": "RUA LEANDRO KOELER",
    "tipo": "RUA"
  },
  {
    "id": 330,
    "nome": "RUA LEITÍA LUCK RATUNDE",
    "tipo": "RUA"
  },
  {
    "id": 331,
    "nome": "RUA LEOMAR HENKE",
    "tipo": "RUA"
  },
  {
    "id": 332,
    "nome": "RUA LEOPOLDO HOLZ",
    "tipo": "RUA"
  },
  {
    "id": 333,
    "nome": "RUA LINDOLFO BOLDT",
    "tipo": "RUA"
  },
  {
    "id": 334,
    "nome": "RUA LITTIO DA SILVA ROSA",
    "tipo": "RUA"
  },
  {
    "id": 335,
    "nome": "RUA LOURENÇO ALBERTO GUILHERME",
    "tipo": "RUA"
  },
  {
    "id": 336,
    "nome": "RUA LOURENÇO JACOB",
    "tipo": "RUA"
  },
  {
    "id": 337,
    "nome": "RUA LOURENÇO OTTO HERZOG",
    "tipo": "RUA"
  },
  {
    "id": 338,
    "nome": "RUA LOURIVAL KRAUSE",
    "tipo": "RUA"
  },
  {
    "id": 339,
    "nome": "RUA LOURIVALDO KLABUNDE",
    "tipo": "RUA"
  },
  {
    "id": 340,
    "nome": "RUA LUCIANO ADAMI",
    "tipo": "RUA"
  },
  {
    "id": 341,
    "nome": "RUA LUCILDA MARIA LAUVERS STUHR",
    "tipo": "RUA"
  },
  {
    "id": 342,
    "nome": "RUA LUCY PONATH MARQUARDT",
    "tipo": "RUA"
  },
  {
    "id": 343,
    "nome": "RUA LUDMILA MENDES DA SILVA",
    "tipo": "RUA"
  },
  {
    "id": 344,
    "nome": "RUA LUIZ CLAUDIO BLANKE",
    "tipo": "RUA"
  },
  {
    "id": 345,
    "nome": "RUA LUIZ EMÍLIO BARTH",
    "tipo": "RUA"
  },
  {
    "id": 346,
    "nome": "RUA LUIZ GUILHERME",
    "tipo": "RUA"
  },
  {
    "id": 347,
    "nome": "RUA LUIZ PALAORO",
    "tipo": "RUA"
  },
  {
    "id": 348,
    "nome": "RUA LUIZA CAROLINA REBLIN BERGER",
    "tipo": "RUA"
  },
  {
    "id": 349,
    "nome": "RUA LUIZA MEIER NASS",
    "tipo": "RUA"
  },
  {
    "id": 350,
    "nome": "RUA LUTERANA",
    "tipo": "RUA"
  },
  {
    "id": 351,
    "nome": "RUA LÚCIA KÜSTER BULL",
    "tipo": "RUA"
  },
  {
    "id": 352,
    "nome": "RUA MADRE CLÉLIA MELONI",
    "tipo": "RUA"
  },
  {
    "id": 353,
    "nome": "RUA MALVIM TRABACH",
    "tipo": "RUA"
  },
  {
    "id": 354,
    "nome": "RUA MARCELINO WALGET",
    "tipo": "RUA"
  },
  {
    "id": 355,
    "nome": "RUA MARGARIDA",
    "tipo": "RUA"
  },
  {
    "id": 356,
    "nome": "RUA MARIA PAGUNG BRAUN",
    "tipo": "RUA"
  },
  {
    "id": 357,
    "nome": "RUA MARIA PIOTO BOONE",
    "tipo": "RUA"
  },
  {
    "id": 358,
    "nome": "RUA MARIALVA DE OLIVEIRA CANTÃO",
    "tipo": "RUA"
  },
  {
    "id": 359,
    "nome": "RUA MARLY RAMLOW",
    "tipo": "RUA"
  },
  {
    "id": 360,
    "nome": "RUA MARTHA CECILIA BROMMERCHENKEL",
    "tipo": "RUA"
  },
  {
    "id": 361,
    "nome": "RUA MARTIM HILGERT",
    "tipo": "RUA"
  },
  {
    "id": 362,
    "nome": "RUA MARTIN JACOB",
    "tipo": "RUA"
  },
  {
    "id": 363,
    "nome": "RUA MARTINHO LUTERO",
    "tipo": "RUA"
  },
  {
    "id": 364,
    "nome": "RUA MARTINHO THOM",
    "tipo": "RUA"
  },
  {
    "id": 365,
    "nome": "RUA MARTINHO VERVLOET",
    "tipo": "RUA"
  },
  {
    "id": 366,
    "nome": "RUA MATHILDE HARTWIG HOLZ",
    "tipo": "RUA"
  },
  {
    "id": 367,
    "nome": "RUA MATHILDE THOM",
    "tipo": "RUA"
  },
  {
    "id": 368,
    "nome": "RUA MICHAEL WUTKOUSKY VERVLOET",
    "tipo": "RUA"
  },
  {
    "id": 369,
    "nome": "RUA MINNA JASTROW TESCH",
    "tipo": "RUA"
  },
  {
    "id": 370,
    "nome": "RUA MINNA VILWOCK KURTH",
    "tipo": "RUA"
  },
  {
    "id": 371,
    "nome": "RUA MURIQUI",
    "tipo": "RUA"
  },
  {
    "id": 372,
    "nome": "RUA NEVES PEDRO GUILHERME",
    "tipo": "RUA"
  },
  {
    "id": 373,
    "nome": "RUA NICOLAU REINKE",
    "tipo": "RUA"
  },
  {
    "id": 374,
    "nome": "RUA NILLO GAIBA",
    "tipo": "RUA"
  },
  {
    "id": 375,
    "nome": "RUA NILO ALBERTINO STANGE",
    "tipo": "RUA"
  },
  {
    "id": 376,
    "nome": "RUA NILZA MUNIZ",
    "tipo": "RUA"
  },
  {
    "id": 377,
    "nome": "RUA NORTE",
    "tipo": "RUA"
  },
  {
    "id": 378,
    "nome": "RUA OLAVO BERGER",
    "tipo": "RUA"
  },
  {
    "id": 379,
    "nome": "RUA OLGA JACOB ZAGER",
    "tipo": "RUA"
  },
  {
    "id": 380,
    "nome": "RUA ORLANDO GUMS",
    "tipo": "RUA"
  },
  {
    "id": 381,
    "nome": "RUA OTTO GUMS",
    "tipo": "RUA"
  },
  {
    "id": 382,
    "nome": "RUA OZÓRIO NUNES GONÇALVES",
    "tipo": "RUA"
  },
  {
    "id": 383,
    "nome": "RUA PAULO HOLZ",
    "tipo": "RUA"
  },
  {
    "id": 384,
    "nome": "RUA PAULO SPERANDIO",
    "tipo": "RUA"
  },
  {
    "id": 385,
    "nome": "RUA PAULO TESCH",
    "tipo": "RUA"
  },
  {
    "id": 386,
    "nome": "RUA PAVILHÃO PLASTER",
    "tipo": "RUA"
  },
  {
    "id": 387,
    "nome": "RUA POMERANA",
    "tipo": "RUA"
  },
  {
    "id": 388,
    "nome": "RUA PORTELINHA",
    "tipo": "RUA"
  },
  {
    "id": 389,
    "nome": "RUA PROJETADA",
    "tipo": "RUA"
  },
  {
    "id": 390,
    "nome": "RUA RAULINO BRAUN",
    "tipo": "RUA"
  },
  {
    "id": 391,
    "nome": "RUA REGINALDO LUIZ RUDIO",
    "tipo": "RUA"
  },
  {
    "id": 392,
    "nome": "RUA REINFRIND GUILHERME FREDERICO",
    "tipo": "RUA"
  },
  {
    "id": 393,
    "nome": "RUA RENATA BINOW GUMS",
    "tipo": "RUA"
  },
  {
    "id": 394,
    "nome": "RUA RICARDO MARQUARDT",
    "tipo": "RUA"
  },
  {
    "id": 395,
    "nome": "RUA RICARDO VALENTIN LUIZ ARNSHOLZ",
    "tipo": "RUA"
  },
  {
    "id": 396,
    "nome": "RUA RIO SÃO LUÍS",
    "tipo": "RUA"
  },
  {
    "id": 397,
    "nome": "RUA ROBERVALDO JACOB",
    "tipo": "RUA"
  },
  {
    "id": 398,
    "nome": "RUA RODOLPHO ALBERTO HERMANN GUMS",
    "tipo": "RUA"
  },
  {
    "id": 399,
    "nome": "RUA RODOLPHO JASTROW",
    "tipo": "RUA"
  },
  {
    "id": 400,
    "nome": "RUA RODOLPHO LOURENÇO JOÃO BERGER",
    "tipo": "RUA"
  },
  {
    "id": 401,
    "nome": "RUA ROLF POTRATZ",
    "tipo": "RUA"
  },
  {
    "id": 402,
    "nome": "RUA RONALD BERGER",
    "tipo": "RUA"
  },
  {
    "id": 403,
    "nome": "RUA ROSA",
    "tipo": "RUA"
  },
  {
    "id": 404,
    "nome": "RUA ROSALINA GUILHERME STUHR",
    "tipo": "RUA"
  },
  {
    "id": 405,
    "nome": "RUA ROSALINDA DETTMAN",
    "tipo": "RUA"
  },
  {
    "id": 406,
    "nome": "RUA ROSALVA LOPES JACÓ",
    "tipo": "RUA"
  },
  {
    "id": 407,
    "nome": "RUA ROSINÉIA BUTZKE FERREIRA",
    "tipo": "RUA"
  },
  {
    "id": 408,
    "nome": "RUA RUDOLFO ALBERTO WILHERME KÜSTER",
    "tipo": "RUA"
  },
  {
    "id": 409,
    "nome": "RUA SALIM GUILHERME",
    "tipo": "RUA"
  },
  {
    "id": 410,
    "nome": "RUA SALMIRA ARNHOLZ ZAGER",
    "tipo": "RUA"
  },
  {
    "id": 411,
    "nome": "RUA SANDRA LUDTKE",
    "tipo": "RUA"
  },
  {
    "id": 412,
    "nome": "RUA SEBASTIÃO GUILHERME",
    "tipo": "RUA"
  },
  {
    "id": 413,
    "nome": "RUA SEVERINO FRANCISCO LAHAS",
    "tipo": "RUA"
  },
  {
    "id": 414,
    "nome": "RUA SHALOM",
    "tipo": "RUA"
  },
  {
    "id": 415,
    "nome": "RUA SIGMAR TÖPFER",
    "tipo": "RUA"
  },
  {
    "id": 416,
    "nome": "RUA SOFIA HENKE ERDMANN",
    "tipo": "RUA"
  },
  {
    "id": 417,
    "nome": "RUA SOFIA LITZKOW SCHULZ",
    "tipo": "RUA"
  },
  {
    "id": 418,
    "nome": "RUA SOLIMAR RATZKE",
    "tipo": "RUA"
  },
  {
    "id": 419,
    "nome": "RUA SOPHIA HOLZ HENKE",
    "tipo": "RUA"
  },
  {
    "id": 420,
    "nome": "RUA SOPHIA JACOB MIERTSCHINK",
    "tipo": "RUA"
  },
  {
    "id": 421,
    "nome": "RUA SOPHIA KLABUNDE BEHREND",
    "tipo": "RUA"
  },
  {
    "id": 422,
    "nome": "RUA TANTE FLORINDA ARNHOLZ",
    "tipo": "RUA"
  },
  {
    "id": 423,
    "nome": "RUA TEODORO LITKE",
    "tipo": "RUA"
  },
  {
    "id": 424,
    "nome": "RUA TEREZA STORK",
    "tipo": "RUA"
  },
  {
    "id": 425,
    "nome": "RUA THARSO BOSTOLINI TIETZ",
    "tipo": "RUA"
  },
  {
    "id": 426,
    "nome": "RUA THEODORO AUGUSTO SCHULTZ",
    "tipo": "RUA"
  },
  {
    "id": 427,
    "nome": "RUA THEODORO BERGER",
    "tipo": "RUA"
  },
  {
    "id": 428,
    "nome": "RUA THEODORO EMILIO GUILHERME BERENHT",
    "tipo": "RUA"
  },
  {
    "id": 429,
    "nome": "RUA THEODORO GUILHERME CARLOS ZAGER",
    "tipo": "RUA"
  },
  {
    "id": 430,
    "nome": "RUA THEODORO HOFFMANN",
    "tipo": "RUA"
  },
  {
    "id": 431,
    "nome": "RUA THEODORO NAIMOG",
    "tipo": "RUA"
  },
  {
    "id": 432,
    "nome": "RUA TÉRCIO CORRÊA DOS SANTOS",
    "tipo": "RUA"
  },
  {
    "id": 433,
    "nome": "RUA VALDEMAR HAMMER",
    "tipo": "RUA"
  },
  {
    "id": 434,
    "nome": "RUA VALDEMAR KUSTER",
    "tipo": "RUA"
  },
  {
    "id": 435,
    "nome": "RUA VALDEVINO DUBKE",
    "tipo": "RUA"
  },
  {
    "id": 436,
    "nome": "RUA VALENTIM KRUGER",
    "tipo": "RUA"
  },
  {
    "id": 437,
    "nome": "RUA VALENTIN VESPER",
    "tipo": "RUA"
  },
  {
    "id": 438,
    "nome": "RUA VALERIO ORLANDO DOBRUNS",
    "tipo": "RUA"
  },
  {
    "id": 439,
    "nome": "RUA VANDELINO SCHROEDER",
    "tipo": "RUA"
  },
  {
    "id": 440,
    "nome": "RUA VANDERLEIA PRASSER GUDE",
    "tipo": "RUA"
  },
  {
    "id": 441,
    "nome": "RUA VERA STANGE",
    "tipo": "RUA"
  },
  {
    "id": 442,
    "nome": "RUA VICTOR HOLZ",
    "tipo": "RUA"
  },
  {
    "id": 443,
    "nome": "RUA VILA PAVÃO",
    "tipo": "RUA"
  },
  {
    "id": 444,
    "nome": "RUA VISTA LINDA",
    "tipo": "RUA"
  },
  {
    "id": 445,
    "nome": "RUA VITAL HEIDMANN",
    "tipo": "RUA"
  },
  {
    "id": 446,
    "nome": "RUA VITALINO HAESE",
    "tipo": "RUA"
  },
  {
    "id": 447,
    "nome": "RUA VITOR FREDERICO HIFNER",
    "tipo": "RUA"
  },
  {
    "id": 448,
    "nome": "RUA VITORIA REGIA",
    "tipo": "RUA"
  },
  {
    "id": 449,
    "nome": "RUA WALDEMAR DETTMANN",
    "tipo": "RUA"
  },
  {
    "id": 450,
    "nome": "RUA WALDEMAR STORCH",
    "tipo": "RUA"
  },
  {
    "id": 451,
    "nome": "RUA WALDEMIRO BENING",
    "tipo": "RUA"
  },
  {
    "id": 452,
    "nome": "RUA WALTER BERTHOED CARL DOBRUNS",
    "tipo": "RUA"
  },
  {
    "id": 453,
    "nome": "RUA WANDERLEY SCHIEFELBEIN",
    "tipo": "RUA"
  },
  {
    "id": 454,
    "nome": "RUA ZELINDA SPERANDIO CORONA",
    "tipo": "RUA"
  },
  {
    "id": 455,
    "nome": "RUA ZILDA TONN GUMS",
    "tipo": "RUA"
  }
]