{
  "timestamp": "2025-12-31T10:20:00.162Z",
  "displayDate": "31/12/2025, 07:20:00",
  "stations": [
    {
      "id": 6194,
      "name": "São Luis",
      "acc24hr": 0,
      "lastUpdate": "30/04/24 07:40"
    },
    {
      "id": 4285,
      "name": "Vila de Jetibá",
      "acc24hr": 0,
      "lastUpdate": "03/09/25 12:00"
    },
    {
      "id": 4284,
      "name": "Alto Rio Possmoser",
      "acc24hr": 0,
      "lastUpdate": "28/08/23 09:20"
    },
    {
      "id": 6193,
      "name": "São João do Garrafão",
      "acc24hr": 0,
      "lastUpdate": "01/09/25 14:30"
    },
    {
      "id": 6195,
      "name": "Baixo São Sebastião",
      "acc24hr": 0,
      "lastUpdate": "06/10/25 19:50"
    }
  ]
}