[
  {
    "Logradouro (Rua, Av. e etc)": "Ladeira Avelino Guilherme",
    "Bairro": "Alto Rio Possmoser"
  },
  {
    "Logradouro (Rua, Av. e etc)": "Ladeira Naudemiro Guilherme",
    "Bairro": "Alto Rio Possmoser"
  },
  {
    "Logradouro (Rua, Av. e etc)": "Rodovia Dalmacio Espíndula",
    "Bairro": "Alto Rio Possmoser"
  },
  {
    "Logradouro (Rua, Av. e etc)": "Rua Adolpho Ernesto Berger",
    "Bairro": "Alto Rio Possmoser"
  },
  {
    "Logradouro (Rua, Av. e etc)": "Rua Adolpho Lourenço Ernesto Berger",
    "Bairro": "Alto Rio Possmoser"
  },
  {
    "Logradouro (Rua, Av. e etc)": "Rua Adolpho Marquardt",
    "Bairro": "Alto Rio Possmoser"
  },
  {
    "Logradouro (Rua, Av. e etc)": "Rua Agilson Tonoli",
    "Bairro": "Alto Rio Possmoser"
  },
  {
    "Logradouro (Rua, Av. e etc)": "Rua Alberto Arthur Seidler",
    "Bairro": "Alto Rio Possmoser"
  },
  {
    "Logradouro (Rua, Av. e etc)": "Rua Alberto Guilherme Bertoldo Augusto Arnholz",
    "Bairro": "Alto Rio Possmoser"
  },
  {
    "Logradouro (Rua, Av. e etc)": "Rua Alfredo Ponath",
    "Bairro": "Alto Rio Possmoser"
  },
  {
    "Logradouro (Rua, Av. e etc)": "Rua Alfredo Prasser",
    "Bairro": "Alto Rio Possmoser"
  },
  {
    "Logradouro (Rua, Av. e etc)": "Rua Antonio Arnecini Regonini",
    "Bairro": "Alto Rio Possmoser"
  },
  {
    "Logradouro (Rua, Av. e etc)": "Rua Clarita Berger",
    "Bairro": "Alto Rio Possmoser"
  },
  {
    "Logradouro (Rua, Av. e etc)": "Rua Clóvis Berger",
    "Bairro": "Alto Rio Possmoser"
  },
  {
    "Logradouro (Rua, Av. e etc)": "Rua Daniel Garbrecht",
    "Bairro": "Alto Rio Possmoser"
  },
  {
    "Logradouro (Rua, Av. e etc)": "Rua Daniel Lidig",
    "Bairro": "Alto Rio Possmoser"
  },
  {
    "Logradouro (Rua, Av. e etc)": "Rua Daniel Stieg",
    "Bairro": "Alto Rio Possmoser"
  },
  {
    "Logradouro (Rua, Av. e etc)": "Rua David Marquardt",
    "Bairro": "Alto Rio Possmoser"
  },
  {
    "Logradouro (Rua, Av. e etc)": "Rua Dorio Salomão",
    "Bairro": "Alto Rio Possmoser"
  },
  {
    "Logradouro (Rua, Av. e etc)": "Rua Florentino Binow",
    "Bairro": "Alto Rio Possmoser"
  },
  {
    "Logradouro (Rua, Av. e etc)": "Rua Franz Zager",
    "Bairro": "Alto Rio Possmoser"
  },
  {
    "Logradouro (Rua, Av. e etc)": "Rua Gentil Guilherme",
    "Bairro": "Alto Rio Possmoser"
  },
  {
    "Logradouro (Rua, Av. e etc)": "Rua Germano Augusto Alberto Marquardt",
    "Bairro": "Alto Rio Possmoser"
  },
  {
    "Logradouro (Rua, Av. e etc)": "Rua Guilherme Gumz",
    "Bairro": "Alto Rio Possmoser"
  },
  {
    "Logradouro (Rua, Av. e etc)": "Rua Ida Friedrich Marquardt",
    "Bairro": "Alto Rio Possmoser"
  },
  {
    "Logradouro (Rua, Av. e etc)": "Rua Laura Jastro Garbrecht",
    "Bairro": "Alto Rio Possmoser"
  },
  {
    "Logradouro (Rua, Av. e etc)": "Rua Lourenço Guilherme Garbrecht",
    "Bairro": "Alto Rio Possmoser"
  },
  {
    "Logradouro (Rua, Av. e etc)": "Rua Luiza Maria Carolina Reblin Berger",
    "Bairro": "Alto Rio Possmoser"
  },
  {
    "Logradouro (Rua, Av. e etc)": "Rua Minna Vilwock Kurth",
    "Bairro": "Alto Rio Possmoser"
  },
  {
    "Logradouro (Rua, Av. e etc)": "Rua Reynaldo Berger",
    "Bairro": "Alto Rio Possmoser"
  },
  {
    "Logradouro (Rua, Av. e etc)": "Rua Reynaldo Berger, 13",
    "Bairro": "Alto Rio Possmoser"
  },
  {
    "Logradouro (Rua, Av. e etc)": "",
    "Bairro": ""
  },
  {
    "Logradouro (Rua, Av. e etc)": "AGC Alto Rio Posmosser",
    "Bairro": ""
  },
  {
    "Logradouro (Rua, Av. e etc)": "Rua Salmira Arnholz Zager",
    "Bairro": "Alto Rio Possmoser"
  },
  {
    "Logradouro (Rua, Av. e etc)": "Rua Severino Francisco Lahas",
    "Bairro": "Alto Rio Possmoser"
  },
  {
    "Logradouro (Rua, Av. e etc)": "Rua Solimar Ratzke",
    "Bairro": "Alto Rio Possmoser"
  },
  {
    "Logradouro (Rua, Av. e etc)": "Rua Theodoro Hoffmann",
    "Bairro": "Alto Rio Possmoser"
  },
  {
    "Logradouro (Rua, Av. e etc)": "",
    "Bairro": ""
  },
  {
    "Logradouro (Rua, Av. e etc)": "Avenida Germano Pissoler",
    "Bairro": "Alto Santa Maria"
  },
  {
    "Logradouro (Rua, Av. e etc)": "Rodovia Éder Carlos Wilwock",
    "Bairro": "Alto Santa Maria"
  },
  {
    "Logradouro (Rua, Av. e etc)": "Rua André Schroeder",
    "Bairro": "Alto Santa Maria"
  },
  {
    "Logradouro (Rua, Av. e etc)": "Rua Augusto Friedrich",
    "Bairro": "Alto Santa Maria"
  },
  {
    "Logradouro (Rua, Av. e etc)": "Rua Florentino Berger",
    "Bairro": "Alto Santa Maria"
  },
  {
    "Logradouro (Rua, Av. e etc)": "Rua Izidoro Hammer",
    "Bairro": "Alto Santa Maria"
  },
  {
    "Logradouro (Rua, Av. e etc)": "Rua Minna Jastrow Tesch",
    "Bairro": "Alto Santa Maria"
  },
  {
    "Logradouro (Rua, Av. e etc)": "",
    "Bairro": ""
  },
  {
    "Logradouro (Rua, Av. e etc)": "Avenida Luiz Guilherme Henrique Potratz",
    "Bairro": "Barra do Rio Possmoser"
  },
  {
    "Logradouro (Rua, Av. e etc)": "Rodovia Dalmacio Espíndula",
    "Bairro": "Barra do Rio Possmoser"
  },
  {
    "Logradouro (Rua, Av. e etc)": "Rodovia Teodoro Alberto Guilherme Shimdt",
    "Bairro": "Barra do Rio Possmoser"
  },
  {
    "Logradouro (Rua, Av. e etc)": "Rua David Butzke",
    "Bairro": "Barra do Rio Possmoser"
  },
  {
    "Logradouro (Rua, Av. e etc)": "Rua Gustavo Jastrow",
    "Bairro": "Barra do Rio Possmoser"
  },
  {
    "Logradouro (Rua, Av. e etc)": "Rua José Maria Barboza",
    "Bairro": "Barra do Rio Possmoser"
  },
  {
    "Logradouro (Rua, Av. e etc)": "Rua Ricardo Stein",
    "Bairro": "Barra do Rio Possmoser"
  },
  {
    "Logradouro (Rua, Av. e etc)": "",
    "Bairro": ""
  },
  {
    "Logradouro (Rua, Av. e etc)": "",
    "Bairro": ""
  },
  {
    "Logradouro (Rua, Av. e etc)": "Estrada Eduardo Hell",
    "Bairro": "Caramuru"
  },
  {
    "Logradouro (Rua, Av. e etc)": "Estrada Germano Guilherme Alberto Knaak",
    "Bairro": "Caramuru"
  },
  {
    "Logradouro (Rua, Av. e etc)": "Estrada Guilherme João Frederico Kruger",
    "Bairro": "Caramuru"
  },
  {
    "Logradouro (Rua, Av. e etc)": "Rua Alfredo Peter",
    "Bairro": "Caramuru"
  },
  {
    "Logradouro (Rua, Av. e etc)": "Rua Arthur Lemke",
    "Bairro": "Caramuru"
  },
  {
    "Logradouro (Rua, Av. e etc)": "Rua Augusto Pagung",
    "Bairro": "Caramuru"
  },
  {
    "Logradouro (Rua, Av. e etc)": "Rua Bertha Wilhermina Frederica Potim",
    "Bairro": "Caramuru"
  },
  {
    "Logradouro (Rua, Av. e etc)": "Rua Carlos Goehring",
    "Bairro": "Caramuru"
  },
  {
    "Logradouro (Rua, Av. e etc)": "Rua Djalma Gaede",
    "Bairro": "Caramuru"
  },
  {
    "Logradouro (Rua, Av. e etc)": "Rua Dorathéa Goehringer Hartwich",
    "Bairro": "Caramuru"
  },
  {
    "Logradouro (Rua, Av. e etc)": "Rua Frida Ponath Peter",
    "Bairro": "Caramuru"
  },
  {
    "Logradouro (Rua, Av. e etc)": "Rua Guilherme Bernardo Julio Gaede",
    "Bairro": "Caramuru"
  },
  {
    "Logradouro (Rua, Av. e etc)": "Rua Iná Duarte Médice",
    "Bairro": "Caramuru"
  },
  {
    "Logradouro (Rua, Av. e etc)": "Rua Iná Duarte Médice, s/n",
    "Bairro": "Caramuru"
  },
  {
    "Logradouro (Rua, Av. e etc)": "",
    "Bairro": ""
  },
  {
    "Logradouro (Rua, Av. e etc)": "AGC Caramuru",
    "Bairro": ""
  },
  {
    "Logradouro (Rua, Av. e etc)": "Rua Julius Hartwig",
    "Bairro": "Caramuru"
  },
  {
    "Logradouro (Rua, Av. e etc)": "Rua Líttio da Silva Rosa",
    "Bairro": "Caramuru"
  },
  {
    "Logradouro (Rua, Av. e etc)": "Rua Lourenço Otto Herzog",
    "Bairro": "Caramuru"
  },
  {
    "Logradouro (Rua, Av. e etc)": "",
    "Bairro": ""
  },
  {
    "Logradouro (Rua, Av. e etc)": "Área Alto da Bela Vista",
    "Bairro": "Centro"
  },
  {
    "Logradouro (Rua, Av. e etc)": "Avenida Frederico Grulke",
    "Bairro": "Centro"
  },
  {
    "Logradouro (Rua, Av. e etc)": "Beco Henrique Potratz",
    "Bairro": "Centro"
  },
  {
    "Logradouro (Rua, Av. e etc)": "Ladeira Manoel Candeia",
    "Bairro": "Centro"
  },
  {
    "Logradouro (Rua, Av. e etc)": "Ladeira Walter Wendelinos Hugo Topfer",
    "Bairro": "Centro"
  },
  {
    "Logradouro (Rua, Av. e etc)": "Praça Jair Honorato da Silva",
    "Bairro": "Centro"
  },
  {
    "Logradouro (Rua, Av. e etc)": "Rodovia Dalmacio Espíndula",
    "Bairro": "Centro"
  },
  {
    "Logradouro (Rua, Av. e etc)": "Rua Adolfo Berendth",
    "Bairro": "Centro"
  },
  {
    "Logradouro (Rua, Av. e etc)": "Rua Adolfo Guilherme Bertoldo Schwambach",
    "Bairro": "Centro"
  },
  {
    "Logradouro (Rua, Av. e etc)": "Rua Alberto Berger",
    "Bairro": "Centro"
  },
  {
    "Logradouro (Rua, Av. e etc)": "Rua Alfredo Emílio Rodrigues",
    "Bairro": "Centro"
  },
  {
    "Logradouro (Rua, Av. e etc)": "Rua Alfredo Potratz",
    "Bairro": "Centro"
  },
  {
    "Logradouro (Rua, Av. e etc)": "Rua Anita Kuster Rossimann",
    "Bairro": "Centro"
  },
  {
    "Logradouro (Rua, Av. e etc)": "Rua Antonio Behrend",
    "Bairro": "Centro"
  },
  {
    "Logradouro (Rua, Av. e etc)": "Rua Arnold Behrend",
    "Bairro": "Centro"
  },
  {
    "Logradouro (Rua, Av. e etc)": "Rua Artur Ferdin",
    "Bairro": "Centro"
  },
  {
    "Logradouro (Rua, Av. e etc)": "Rua Augusto Jacob",
    "Bairro": "Centro"
  },
  {
    "Logradouro (Rua, Av. e etc)": "Rua Bernardino Raimundo Corona",
    "Bairro": "Centro"
  },
  {
    "Logradouro (Rua, Av. e etc)": "Rua Berthold Jakob",
    "Bairro": "Centro"
  },
  {
    "Logradouro (Rua, Av. e etc)": "Rua Brinco da Princesa",
    "Bairro": "Centro"
  },
  {
    "Logradouro (Rua, Av. e etc)": "Rua Bungavile",
    "Bairro": "Centro"
  },
  {
    "Logradouro (Rua, Av. e etc)": "Rua Camilo Vieira Mendonça",
    "Bairro": "Centro"
  },
  {
    "Logradouro (Rua, Av. e etc)": "Rua Carlito Hoffmann",
    "Bairro": "Centro"
  },
  {
    "Logradouro (Rua, Av. e etc)": "Rua Clara Berger Dettmann",
    "Bairro": "Centro"
  },
  {
    "Logradouro (Rua, Av. e etc)": "Rua Dalmacio Espíndula",
    "Bairro": "Centro"
  },
  {
    "Logradouro (Rua, Av. e etc)": "Rua Devaldo Jacob",
    "Bairro": "Centro"
  },
  {
    "Logradouro (Rua, Av. e etc)": "Rua do Imigrante",
    "Bairro": "Centro"
  },
  {
    "Logradouro (Rua, Av. e etc)": "Rua dos Evangélicos",
    "Bairro": "Centro"
  },
  {
    "Logradouro (Rua, Av. e etc)": "Rua Doutor Martinho Lutero",
    "Bairro": "Centro"
  },
  {
    "Logradouro (Rua, Av. e etc)": "Rua Eduardo Barth Berger",
    "Bairro": "Centro"
  },
  {
    "Logradouro (Rua, Av. e etc)": "Rua Elza Jacob Holz",
    "Bairro": "Centro"
  },
  {
    "Logradouro (Rua, Av. e etc)": "Rua Emilia Roepke Boldt",
    "Bairro": "Centro"
  },
  {
    "Logradouro (Rua, Av. e etc)": "Rua Erasmo Jacob",
    "Bairro": "Centro"
  },
  {
    "Logradouro (Rua, Av. e etc)": "Rua Evandro Buss",
    "Bairro": "Centro"
  },
  {
    "Logradouro (Rua, Av. e etc)": "Rua Família Behrend",
    "Bairro": "Centro"
  },
  {
    "Logradouro (Rua, Av. e etc)": "Rua Florencio Augusto Berger",
    "Bairro": "Centro"
  },
  {
    "Logradouro (Rua, Av. e etc)": "Rua Floriano Alberto Tesch",
    "Bairro": "Centro"
  },
  {
    "Logradouro (Rua, Av. e etc)": "Rua Floriano Berger",
    "Bairro": "Centro"
  },
  {
    "Logradouro (Rua, Av. e etc)": "Rua Francisco Schwartz",
    "Bairro": "Centro"
  },
  {
    "Logradouro (Rua, Av. e etc)": "Rua Guenther Helmar Roelke",
    "Bairro": "Centro"
  },
  {
    "Logradouro (Rua, Av. e etc)": "Rua Guerlinda Behling Berger",
    "Bairro": "Centro"
  },
  {
    "Logradouro (Rua, Av. e etc)": "Rua Guerlinda Kuster",
    "Bairro": "Centro"
  },
  {
    "Logradouro (Rua, Av. e etc)": "Rua Guilherme Miertschink",
    "Bairro": "Centro"
  },
  {
    "Logradouro (Rua, Av. e etc)": "Rua Gustavo Carlos Augusto Berger",
    "Bairro": "Centro"
  },
  {
    "Logradouro (Rua, Av. e etc)": "Rua Henrique Potratz",
    "Bairro": "Centro"
  },
  {
    "Logradouro (Rua, Av. e etc)": "Rua Henrique Potratz, 15 Sala 101",
    "Bairro": "Centro"
  },
  {
    "Logradouro (Rua, Av. e etc)": "",
    "Bairro": ""
  },
  {
    "Logradouro (Rua, Av. e etc)": "AC Santa Maria de Jetibá",
    "Bairro": ""
  },
  {
    "Logradouro (Rua, Av. e etc)": "Rua Henrique Potratz, 1645 Clique e Retire Correios",
    "Bairro": "Centro"
  },
  {
    "Logradouro (Rua, Av. e etc)": "",
    "Bairro": ""
  },
  {
    "Logradouro (Rua, Av. e etc)": "AC Santa Maria de Jetibá Clique e Retire",
    "Bairro": ""
  },
  {
    "Logradouro (Rua, Av. e etc)": "Rua 06 de Maio",
    "Bairro": "Centro"
  },
  {
    "Logradouro (Rua, Av. e etc)": "Rua 25 de Julho",
    "Bairro": "Centro"
  },
  {
    "Logradouro (Rua, Av. e etc)": "Rua Hera Alemã",
    "Bairro": "Centro"
  },
  {
    "Logradouro (Rua, Av. e etc)": "Rua Hermann Miertschink",
    "Bairro": "Centro"
  },
  {
    "Logradouro (Rua, Av. e etc)": "Rua Herna Roelke",
    "Bairro": "Centro"
  },
  {
    "Logradouro (Rua, Av. e etc)": "Rua Joana Brandt Maier",
    "Bairro": "Centro"
  },
  {
    "Logradouro (Rua, Av. e etc)": "Rua Julius Carlos Augusto Holz",
    "Bairro": "Centro"
  },
  {
    "Logradouro (Rua, Av. e etc)": "Rua Luterana",
    "Bairro": "Centro"
  },
  {
    "Logradouro (Rua, Av. e etc)": "Rua Madre Clélia Merloni",
    "Bairro": "Centro"
  },
  {
    "Logradouro (Rua, Av. e etc)": "Rua Marialva de Oliveira Cantão",
    "Bairro": "Centro"
  },
  {
    "Logradouro (Rua, Av. e etc)": "Rua Martin Jacob",
    "Bairro": "Centro"
  },
  {
    "Logradouro (Rua, Av. e etc)": "Rua Mathilde Hartwig Holz",
    "Bairro": "Centro"
  },
  {
    "Logradouro (Rua, Av. e etc)": "Rua Nicolau Reinke",
    "Bairro": "Centro"
  },
  {
    "Logradouro (Rua, Av. e etc)": "Rua Paulo Sperandio",
    "Bairro": "Centro"
  },
  {
    "Logradouro (Rua, Av. e etc)": "Rua Rodolpho Alberto Hermann Gums",
    "Bairro": "Centro"
  },
  {
    "Logradouro (Rua, Av. e etc)": "Rua Rolf Potratz",
    "Bairro": "Centro"
  },
  {
    "Logradouro (Rua, Av. e etc)": "Rua Ronald Berger",
    "Bairro": "Centro"
  },
  {
    "Logradouro (Rua, Av. e etc)": "Rua Sigmar Töpfer",
    "Bairro": "Centro"
  },
  {
    "Logradouro (Rua, Av. e etc)": "Rua Sophia Jacob Miertschink",
    "Bairro": "Centro"
  },
  {
    "Logradouro (Rua, Av. e etc)": "Rua Sophia Klabunde Behrend",
    "Bairro": "Centro"
  },
  {
    "Logradouro (Rua, Av. e etc)": "Rua Tante Florinda Arnholz",
    "Bairro": "Centro"
  },
  {
    "Logradouro (Rua, Av. e etc)": "Rua Teodoro Litke",
    "Bairro": "Centro"
  },
  {
    "Logradouro (Rua, Av. e etc)": "Rua Tércio Correa dos Santos",
    "Bairro": "Centro"
  },
  {
    "Logradouro (Rua, Av. e etc)": "Rua Tharso Bortolini Tietz",
    "Bairro": "Centro"
  },
  {
    "Logradouro (Rua, Av. e etc)": "Rua Victor Holz",
    "Bairro": "Centro"
  },
  {
    "Logradouro (Rua, Av. e etc)": "Rua Vitória Régia",
    "Bairro": "Centro"
  },
  {
    "Logradouro (Rua, Av. e etc)": "Rua Waldemar Dettmann",
    "Bairro": "Centro"
  },
  {
    "Logradouro (Rua, Av. e etc)": "Rua Zelinda Sperandio Corona",
    "Bairro": "Centro"
  },
  {
    "Logradouro (Rua, Av. e etc)": "",
    "Bairro": ""
  },
  {
    "Logradouro (Rua, Av. e etc)": "Avenida Alvano Gilberto Gonçalves",
    "Bairro": "Garrafão"
  },
  {
    "Logradouro (Rua, Av. e etc)": "Rodovia Dalmacio Espíndula",
    "Bairro": "Garrafão"
  },
  {
    "Logradouro (Rua, Av. e etc)": "Rodovia Teodoro Alberto Guilherme Shimdt",
    "Bairro": "Garrafão"
  },
  {
    "Logradouro (Rua, Av. e etc)": "Rua Luciano Adami",
    "Bairro": "Garrafão"
  },
  {
    "Logradouro (Rua, Av. e etc)": "Rua Luiz Guilherme",
    "Bairro": "Garrafão"
  },
  {
    "Logradouro (Rua, Av. e etc)": "",
    "Bairro": ""
  },
  {
    "Logradouro (Rua, Av. e etc)": "Avenida Florencio Guilherme Carlos Thom",
    "Bairro": "Recreio"
  },
  {
    "Logradouro (Rua, Av. e etc)": "Avenida Otto Thom",
    "Bairro": "Recreio"
  },
  {
    "Logradouro (Rua, Av. e etc)": "Rodovia Luiz Stange",
    "Bairro": "Recreio"
  },
  {
    "Logradouro (Rua, Av. e etc)": "Rua Alberto Ricardo Ernesto Westphal",
    "Bairro": "Recreio"
  },
  {
    "Logradouro (Rua, Av. e etc)": "Rua Alfredo Germano Ernesto Thom",
    "Bairro": "Recreio"
  },
  {
    "Logradouro (Rua, Av. e etc)": "Rua Augusto Alberto Hugo Bertholdo Kohlert",
    "Bairro": "Recreio"
  },
  {
    "Logradouro (Rua, Av. e etc)": "Rua Carlos Binow",
    "Bairro": "Recreio"
  },
  {
    "Logradouro (Rua, Av. e etc)": "Rua Celina Luzia Reisen Thom",
    "Bairro": "Recreio"
  },
  {
    "Logradouro (Rua, Av. e etc)": "Rua Eitel Thom",
    "Bairro": "Recreio"
  },
  {
    "Logradouro (Rua, Av. e etc)": "Rua Guilherme Westphal",
    "Bairro": "Recreio"
  },
  {
    "Logradouro (Rua, Av. e etc)": "Rua Gustavo Henke",
    "Bairro": "Recreio"
  },
  {
    "Logradouro (Rua, Av. e etc)": "Rua Hermes Magdalon",
    "Bairro": "Recreio"
  },
  {
    "Logradouro (Rua, Av. e etc)": "Rua Irmã Terésia",
    "Bairro": "Recreio"
  },
  {
    "Logradouro (Rua, Av. e etc)": "Rua Janetta Schneider Stange",
    "Bairro": "Recreio"
  },
  {
    "Logradouro (Rua, Av. e etc)": "Rua Johanna Luiza Augusta Marquardt Koehlert",
    "Bairro": "Recreio"
  },
  {
    "Logradouro (Rua, Av. e etc)": "Rua Luiz Palaoro",
    "Bairro": "Recreio"
  },
  {
    "Logradouro (Rua, Av. e etc)": "Rua Martinho Thom",
    "Bairro": "Recreio"
  },
  {
    "Logradouro (Rua, Av. e etc)": "Rua Mathilde Thom",
    "Bairro": "Recreio"
  },
  {
    "Logradouro (Rua, Av. e etc)": "",
    "Bairro": ""
  },
  {
    "Logradouro (Rua, Av. e etc)": "Avenida João Pedro Lauvers",
    "Bairro": "São João do Garrafão"
  },
  {
    "Logradouro (Rua, Av. e etc)": "Rodovia Dalmacio Espíndula",
    "Bairro": "São João do Garrafão"
  },
  {
    "Logradouro (Rua, Av. e etc)": "Rua Abrahao Ignacio Laurett",
    "Bairro": "São João do Garrafão"
  },
  {
    "Logradouro (Rua, Av. e etc)": "Rua Abrahão Isaac Carlos Lauvers",
    "Bairro": "São João do Garrafão"
  },
  {
    "Logradouro (Rua, Av. e etc)": "Rua Abrahão João Boone",
    "Bairro": "São João do Garrafão"
  },
  {
    "Logradouro (Rua, Av. e etc)": "Rua Adelia Plaster Lauvers",
    "Bairro": "São João do Garrafão"
  },
  {
    "Logradouro (Rua, Av. e etc)": "Rua Adhemar Sassemburg",
    "Bairro": "São João do Garrafão"
  },
  {
    "Logradouro (Rua, Av. e etc)": "Rua Almerindo Abeldt",
    "Bairro": "São João do Garrafão"
  },
  {
    "Logradouro (Rua, Av. e etc)": "Rua Alvina Reetz Raese",
    "Bairro": "São João do Garrafão"
  },
  {
    "Logradouro (Rua, Av. e etc)": "Rua Amélia Lauret Rangel",
    "Bairro": "São João do Garrafão"
  },
  {
    "Logradouro (Rua, Av. e etc)": "Rua Avelino Coutinho Rangel",
    "Bairro": "São João do Garrafão"
  },
  {
    "Logradouro (Rua, Av. e etc)": "Rua Celso Jelson Walther",
    "Bairro": "São João do Garrafão"
  },
  {
    "Logradouro (Rua, Av. e etc)": "Rua Florêncio Fredolino Jacobson",
    "Bairro": "São João do Garrafão"
  },
  {
    "Logradouro (Rua, Av. e etc)": "Rua Francisco Guilherme",
    "Bairro": "São João do Garrafão"
  },
  {
    "Logradouro (Rua, Av. e etc)": "Rua Franz Carlos Frederico João Stuhr",
    "Bairro": "São João do Garrafão"
  },
  {
    "Logradouro (Rua, Av. e etc)": "Rua Germano Plaster",
    "Bairro": "São João do Garrafão"
  },
  {
    "Logradouro (Rua, Av. e etc)": "Rua Gustavo Strey",
    "Bairro": "São João do Garrafão"
  },
  {
    "Logradouro (Rua, Av. e etc)": "Rua Hermann Carlos Martin Schliewe",
    "Bairro": "São João do Garrafão"
  },
  {
    "Logradouro (Rua, Av. e etc)": "Rua Hulda Wolfgram Klabunde",
    "Bairro": "São João do Garrafão"
  },
  {
    "Logradouro (Rua, Av. e etc)": "Rua Ilson Uliana",
    "Bairro": "São João do Garrafão"
  },
  {
    "Logradouro (Rua, Av. e etc)": "Rua Jacob Abrahão Carlos Lauvers",
    "Bairro": "São João do Garrafão"
  },
  {
    "Logradouro (Rua, Av. e etc)": "Rua Jean Carlos Redaeli Herbst",
    "Bairro": "São João do Garrafão"
  },
  {
    "Logradouro (Rua, Av. e etc)": "Rua Jerri Adriano de Araújo Lauvers",
    "Bairro": "São João do Garrafão"
  },
  {
    "Logradouro (Rua, Av. e etc)": "Rua Laura Lauvers Stuhr",
    "Bairro": "São João do Garrafão"
  },
  {
    "Logradouro (Rua, Av. e etc)": "Rua Lucilda Maria Lauvers Stuhr",
    "Bairro": "São João do Garrafão"
  },
  {
    "Logradouro (Rua, Av. e etc)": "Rua Maria Pioto Boone",
    "Bairro": "São João do Garrafão"
  },
  {
    "Logradouro (Rua, Av. e etc)": "Rua Neves Pedro Guilherme",
    "Bairro": "São João do Garrafão"
  },
  {
    "Logradouro (Rua, Av. e etc)": "Rua Nilza Muniz",
    "Bairro": "São João do Garrafão"
  },
  {
    "Logradouro (Rua, Av. e etc)": "Rua Orlando Gums",
    "Bairro": "São João do Garrafão"
  },
  {
    "Logradouro (Rua, Av. e etc)": "Rua Rosalina Guilherme Stuhr",
    "Bairro": "São João do Garrafão"
  },
  {
    "Logradouro (Rua, Av. e etc)": "Rua Salim Guilherme",
    "Bairro": "São João do Garrafão"
  },
  {
    "Logradouro (Rua, Av. e etc)": "Rua Valdemar Kuster",
    "Bairro": "São João do Garrafão"
  },
  {
    "Logradouro (Rua, Av. e etc)": "Rua Valdevino Dubke",
    "Bairro": "São João do Garrafão"
  },
  {
    "Logradouro (Rua, Av. e etc)": "Rua Vitalino Haese",
    "Bairro": "São João do Garrafão"
  },
  {
    "Logradouro (Rua, Av. e etc)": "",
    "Bairro": ""
  },
  {
    "Logradouro (Rua, Av. e etc)": "Rodovia Luiz Stange",
    "Bairro": "Santa Luzia"
  },
  {
    "Logradouro (Rua, Av. e etc)": "Rodovia Nicolau Schiffler",
    "Bairro": "Santa Luzia"
  },
  {
    "Logradouro (Rua, Av. e etc)": "Rua Alberto Fleger",
    "Bairro": "Santa Luzia"
  },
  {
    "Logradouro (Rua, Av. e etc)": "Rua Ana Paula Berger",
    "Bairro": "Santa Luzia"
  },
  {
    "Logradouro (Rua, Av. e etc)": "Rua Anna Erdmann Röpke",
    "Bairro": "Santa Luzia"
  },
  {
    "Logradouro (Rua, Av. e etc)": "Rua Gustavo Franz Frederico Krause",
    "Bairro": "Santa Luzia"
  },
  {
    "Logradouro (Rua, Av. e etc)": "Rua Henrique Koehlert",
    "Bairro": "Santa Luzia"
  },
  {
    "Logradouro (Rua, Av. e etc)": "Rua Jahel dos Santos Felicidade",
    "Bairro": "Santa Luzia"
  },
  {
    "Logradouro (Rua, Av. e etc)": "Rua Leopoldo Holz",
    "Bairro": "Santa Luzia"
  },
  {
    "Logradouro (Rua, Av. e etc)": "Rua Otto Gums",
    "Bairro": "Santa Luzia"
  },
  {
    "Logradouro (Rua, Av. e etc)": "Rua Renata Binow Gums",
    "Bairro": "Santa Luzia"
  },
  {
    "Logradouro (Rua, Av. e etc)": "Rua Zilda Tonn Gums",
    "Bairro": "Santa Luzia"
  },
  {
    "Logradouro (Rua, Av. e etc)": "",
    "Bairro": ""
  },
  {
    "Logradouro (Rua, Av. e etc)": "Alameda Família Pagini",
    "Bairro": "São Luiz"
  },
  {
    "Logradouro (Rua, Av. e etc)": "Beco  07 de Setembro",
    "Bairro": "São Luiz"
  },
  {
    "Logradouro (Rua, Av. e etc)": "Ladeira Augusto Henrique Bertoldo Erdmann",
    "Bairro": "São Luiz"
  },
  {
    "Logradouro (Rua, Av. e etc)": "Praça Margarida Thereza Boldt",
    "Bairro": "São Luiz"
  },
  {
    "Logradouro (Rua, Av. e etc)": "Rodovia Galerano Afonso Venturim",
    "Bairro": "São Luiz"
  },
  {
    "Logradouro (Rua, Av. e etc)": "Rodovia Martin Frederico Guilherme Erdmann",
    "Bairro": "São Luiz"
  },
  {
    "Logradouro (Rua, Av. e etc)": "Rodovia Nicolau Schiffler",
    "Bairro": "São Luiz"
  },
  {
    "Logradouro (Rua, Av. e etc)": "Rua 24 de Junho",
    "Bairro": "São Luiz"
  },
  {
    "Logradouro (Rua, Av. e etc)": "Rua Adilson Wolfgramm",
    "Bairro": "São Luiz"
  },
  {
    "Logradouro (Rua, Av. e etc)": "Rua Adolfo Wolfgramm",
    "Bairro": "São Luiz"
  },
  {
    "Logradouro (Rua, Av. e etc)": "Rua Adriana Jacob",
    "Bairro": "São Luiz"
  },
  {
    "Logradouro (Rua, Av. e etc)": "Rua Alberto Berthold Hinrick Klabunde",
    "Bairro": "São Luiz"
  },
  {
    "Logradouro (Rua, Av. e etc)": "Rua Alberto Hermann Boldt",
    "Bairro": "São Luiz"
  },
  {
    "Logradouro (Rua, Av. e etc)": "Rua Alberto Ricardo Richard Gums",
    "Bairro": "São Luiz"
  },
  {
    "Logradouro (Rua, Av. e etc)": "Rua Alfredo Küster",
    "Bairro": "São Luiz"
  },
  {
    "Logradouro (Rua, Av. e etc)": "Rua Alfredo Vitor Vervloet",
    "Bairro": "São Luiz"
  },
  {
    "Logradouro (Rua, Av. e etc)": "Rua Amália Holz Boldt",
    "Bairro": "São Luiz"
  },
  {
    "Logradouro (Rua, Av. e etc)": "Rua Amália Joana jacob Küster",
    "Bairro": "São Luiz"
  },
  {
    "Logradouro (Rua, Av. e etc)": "Rua Anice Gomes de Brito",
    "Bairro": "São Luiz"
  },
  {
    "Logradouro (Rua, Av. e etc)": "Rua Anna Jacob Vesper",
    "Bairro": "São Luiz"
  },
  {
    "Logradouro (Rua, Av. e etc)": "Rua Armindo Berger",
    "Bairro": "São Luiz"
  },
  {
    "Logradouro (Rua, Av. e etc)": "Rua Arno Berger",
    "Bairro": "São Luiz"
  },
  {
    "Logradouro (Rua, Av. e etc)": "Rua Arthur Abeld",
    "Bairro": "São Luiz"
  },
  {
    "Logradouro (Rua, Av. e etc)": "Rua Augusta Maria de Oliveira",
    "Bairro": "São Luiz"
  },
  {
    "Logradouro (Rua, Av. e etc)": "Rua Augusto Boldt",
    "Bairro": "São Luiz"
  },
  {
    "Logradouro (Rua, Av. e etc)": "Rua Augusto Carlos Alberto Henke",
    "Bairro": "São Luiz"
  },
  {
    "Logradouro (Rua, Av. e etc)": "Rua Augusto Henrique Hermann Thurow",
    "Bairro": "São Luiz"
  },
  {
    "Logradouro (Rua, Av. e etc)": "Rua Augusto Martins Germano Vesper",
    "Bairro": "São Luiz"
  },
  {
    "Logradouro (Rua, Av. e etc)": "Rua Boa Vista",
    "Bairro": "São Luiz"
  },
  {
    "Logradouro (Rua, Av. e etc)": "Rua Bruno Jacob",
    "Bairro": "São Luiz"
  },
  {
    "Logradouro (Rua, Av. e etc)": "Rua Carlos Alberto Guilherme Gums",
    "Bairro": "São Luiz"
  },
  {
    "Logradouro (Rua, Av. e etc)": "Rua Carlos Alberto Hermann Vesper",
    "Bairro": "São Luiz"
  },
  {
    "Logradouro (Rua, Av. e etc)": "Rua Carlos Guilherme Albert Dobruns",
    "Bairro": "São Luiz"
  },
  {
    "Logradouro (Rua, Av. e etc)": "Rua Célia de Freitas",
    "Bairro": "São Luiz"
  },
  {
    "Logradouro (Rua, Av. e etc)": "Rua Clara Tesch Espíndula",
    "Bairro": "São Luiz"
  },
  {
    "Logradouro (Rua, Av. e etc)": "Rua da Amizade",
    "Bairro": "São Luiz"
  },
  {
    "Logradouro (Rua, Av. e etc)": "Rua da Esperança",
    "Bairro": "São Luiz"
  },
  {
    "Logradouro (Rua, Av. e etc)": "Rua das Palmeiras",
    "Bairro": "São Luiz"
  },
  {
    "Logradouro (Rua, Av. e etc)": "Rua dos Cogumelos",
    "Bairro": "São Luiz"
  },
  {
    "Logradouro (Rua, Av. e etc)": "Rua dos Coqueiros",
    "Bairro": "São Luiz"
  },
  {
    "Logradouro (Rua, Av. e etc)": "Rua Ehrenfried Lourenço Augusto Jacob",
    "Bairro": "São Luiz"
  },
  {
    "Logradouro (Rua, Av. e etc)": "Rua Emília Dobrunz Jacob",
    "Bairro": "São Luiz"
  },
  {
    "Logradouro (Rua, Av. e etc)": "Rua Emília Manske Haese",
    "Bairro": "São Luiz"
  },
  {
    "Logradouro (Rua, Av. e etc)": "Rua Emílio Alfredo Augusto Jacob",
    "Bairro": "São Luiz"
  },
  {
    "Logradouro (Rua, Av. e etc)": "Rua Emílio Kalke",
    "Bairro": "São Luiz"
  },
  {
    "Logradouro (Rua, Av. e etc)": "Rua Fernando Haese",
    "Bairro": "São Luiz"
  },
  {
    "Logradouro (Rua, Av. e etc)": "Rua Flavio Saager",
    "Bairro": "São Luiz"
  },
  {
    "Logradouro (Rua, Av. e etc)": "Rua Florêncio Germano Alberto Storch",
    "Bairro": "São Luiz"
  },
  {
    "Logradouro (Rua, Av. e etc)": "Rua Florentino Kuster",
    "Bairro": "São Luiz"
  },
  {
    "Logradouro (Rua, Av. e etc)": "Rua Floriano Reinaldo Germano Jacob",
    "Bairro": "São Luiz"
  },
  {
    "Logradouro (Rua, Av. e etc)": "Rua Franz Holz",
    "Bairro": "São Luiz"
  },
  {
    "Logradouro (Rua, Av. e etc)": "Rua Frederico Emilio Abrahão Holz",
    "Bairro": "São Luiz"
  },
  {
    "Logradouro (Rua, Av. e etc)": "Rua Frederico Tressmann",
    "Bairro": "São Luiz"
  },
  {
    "Logradouro (Rua, Av. e etc)": "Rua Gerda Krause Gumz",
    "Bairro": "São Luiz"
  },
  {
    "Logradouro (Rua, Av. e etc)": "Rua Henrique Alvim Fernando Krause",
    "Bairro": "São Luiz"
  },
  {
    "Logradouro (Rua, Av. e etc)": "Rua Henrique Frederico Sthur",
    "Bairro": "São Luiz"
  },
  {
    "Logradouro (Rua, Av. e etc)": "Rua Henrique João Júlio Kuster",
    "Bairro": "São Luiz"
  },
  {
    "Logradouro (Rua, Av. e etc)": "Rua Henrique Krüger",
    "Bairro": "São Luiz"
  },
  {
    "Logradouro (Rua, Av. e etc)": "Rua Hermann Dobruns",
    "Bairro": "São Luiz"
  },
  {
    "Logradouro (Rua, Av. e etc)": "Rua Irineu Gomes dos Santos",
    "Bairro": "São Luiz"
  },
  {
    "Logradouro (Rua, Av. e etc)": "Rua Joana Capiche Braun",
    "Bairro": "São Luiz"
  },
  {
    "Logradouro (Rua, Av. e etc)": "Rua Jocimar Muniz",
    "Bairro": "São Luiz"
  },
  {
    "Logradouro (Rua, Av. e etc)": "Rua José Conte",
    "Bairro": "São Luiz"
  },
  {
    "Logradouro (Rua, Av. e etc)": "Rua José Ribamar Pereira da Silva",
    "Bairro": "São Luiz"
  },
  {
    "Logradouro (Rua, Av. e etc)": "Rua Jozina Keppo Gums",
    "Bairro": "São Luiz"
  },
  {
    "Logradouro (Rua, Av. e etc)": "Rua Júlio Alberto Rüster",
    "Bairro": "São Luiz"
  },
  {
    "Logradouro (Rua, Av. e etc)": "Rua Leandro Koeler",
    "Bairro": "São Luiz"
  },
  {
    "Logradouro (Rua, Av. e etc)": "Rua Leitía Luck Ratende",
    "Bairro": "São Luiz"
  },
  {
    "Logradouro (Rua, Av. e etc)": "Rua Leomar Henke",
    "Bairro": "São Luiz"
  },
  {
    "Logradouro (Rua, Av. e etc)": "Rua Lourenço Jacob",
    "Bairro": "São Luiz"
  },
  {
    "Logradouro (Rua, Av. e etc)": "Rua Lourivaldo Klabunde",
    "Bairro": "São Luiz"
  },
  {
    "Logradouro (Rua, Av. e etc)": "Rua Malvim Trabac",
    "Bairro": "São Luiz"
  },
  {
    "Logradouro (Rua, Av. e etc)": "Rua Maria Pagung Braun",
    "Bairro": "São Luiz"
  },
  {
    "Logradouro (Rua, Av. e etc)": "Rua Martha Cecília Brommerchenkel",
    "Bairro": "São Luiz"
  },
  {
    "Logradouro (Rua, Av. e etc)": "Rua Michael Wutkovsky Vervloet",
    "Bairro": "São Luiz"
  },
  {
    "Logradouro (Rua, Av. e etc)": "Rua Muriqui",
    "Bairro": "São Luiz"
  },
  {
    "Logradouro (Rua, Av. e etc)": "Rua Norte",
    "Bairro": "São Luiz"
  },
  {
    "Logradouro (Rua, Av. e etc)": "Rua Pomerana",
    "Bairro": "São Luiz"
  },
  {
    "Logradouro (Rua, Av. e etc)": "Rua Reinfrind Guilherme Frederico Jacob",
    "Bairro": "São Luiz"
  },
  {
    "Logradouro (Rua, Av. e etc)": "Rua Ricardo Valentin Luiz Arnsholz",
    "Bairro": "São Luiz"
  },
  {
    "Logradouro (Rua, Av. e etc)": "Rua Rio São Luís",
    "Bairro": "São Luiz"
  },
  {
    "Logradouro (Rua, Av. e etc)": "Rua Robervaldo Jacob",
    "Bairro": "São Luiz"
  },
  {
    "Logradouro (Rua, Av. e etc)": "Rua Rosalinda Dettman",
    "Bairro": "São Luiz"
  },
  {
    "Logradouro (Rua, Av. e etc)": "Rua Rosalva Lopes Jacó",
    "Bairro": "São Luiz"
  },
  {
    "Logradouro (Rua, Av. e etc)": "Rua Rudolfo Alberto Guilherme Küster",
    "Bairro": "São Luiz"
  },
  {
    "Logradouro (Rua, Av. e etc)": "Rua Sofia Henke Erdmann",
    "Bairro": "São Luiz"
  },
  {
    "Logradouro (Rua, Av. e etc)": "Rua Sophia Holz Henke",
    "Bairro": "São Luiz"
  },
  {
    "Logradouro (Rua, Av. e etc)": "Rua Theodoro Guilherme Carlos Zager",
    "Bairro": "São Luiz"
  },
  {
    "Logradouro (Rua, Av. e etc)": "Rua Theodoro Naimog",
    "Bairro": "São Luiz"
  },
  {
    "Logradouro (Rua, Av. e etc)": "Rua Valdemar Hammer",
    "Bairro": "São Luiz"
  },
  {
    "Logradouro (Rua, Av. e etc)": "Rua Valentin Vesper",
    "Bairro": "São Luiz"
  },
  {
    "Logradouro (Rua, Av. e etc)": "Rua Vanderleia Prasser Gude",
    "Bairro": "São Luiz"
  },
  {
    "Logradouro (Rua, Av. e etc)": "Rua Vila Pavão",
    "Bairro": "São Luiz"
  },
  {
    "Logradouro (Rua, Av. e etc)": "Rua Waldemiro Bening",
    "Bairro": "São Luiz"
  },
  {
    "Logradouro (Rua, Av. e etc)": "Rua Walter Berthoed Carl Dobruns",
    "Bairro": "São Luiz"
  },
  {
    "Logradouro (Rua, Av. e etc)": "",
    "Bairro": ""
  },
  {
    "Logradouro (Rua, Av. e etc)": "Estrada Emílio Gustavo Franz Holz",
    "Bairro": "São Sebastião de Belém"
  },
  {
    "Logradouro (Rua, Av. e etc)": "Estrada Raymundo Neumann",
    "Bairro": "São Sebastião de Belém"
  },
  {
    "Logradouro (Rua, Av. e etc)": "Rodovia Doutor Afonso Schwab",
    "Bairro": "São Sebastião de Belém"
  },
  {
    "Logradouro (Rua, Av. e etc)": "Rodovia Gerson Vesper",
    "Bairro": "São Sebastião de Belém"
  },
  {
    "Logradouro (Rua, Av. e etc)": "Rua 03 de Maio",
    "Bairro": "São Sebastião de Belém"
  },
  {
    "Logradouro (Rua, Av. e etc)": "Rua Alberto Brandt",
    "Bairro": "São Sebastião de Belém"
  },
  {
    "Logradouro (Rua, Av. e etc)": "Rua Dalila Berger Brandt",
    "Bairro": "São Sebastião de Belém"
  },
  {
    "Logradouro (Rua, Av. e etc)": "Rua David Augusto Reynaldo Holz",
    "Bairro": "São Sebastião de Belém"
  },
  {
    "Logradouro (Rua, Av. e etc)": "Rua Florinda Kruger Boldt",
    "Bairro": "São Sebastião de Belém"
  },
  {
    "Logradouro (Rua, Av. e etc)": "Rua Flotelo Boldt",
    "Bairro": "São Sebastião de Belém"
  },
  {
    "Logradouro (Rua, Av. e etc)": "Rua Frederico Raasch",
    "Bairro": "São Sebastião de Belém"
  },
  {
    "Logradouro (Rua, Av. e etc)": "Rua Friedrich Boldt",
    "Bairro": "São Sebastião de Belém"
  },
  {
    "Logradouro (Rua, Av. e etc)": "Rua Germano Foesch",
    "Bairro": "São Sebastião de Belém"
  },
  {
    "Logradouro (Rua, Av. e etc)": "Rua Helena Treickel Foesch",
    "Bairro": "São Sebastião de Belém"
  },
  {
    "Logradouro (Rua, Av. e etc)": "Rua Henrique Boldt",
    "Bairro": "São Sebastião de Belém"
  },
  {
    "Logradouro (Rua, Av. e etc)": "Rua João Bausen",
    "Bairro": "São Sebastião de Belém"
  },
  {
    "Logradouro (Rua, Av. e etc)": "Rua Julius Kruger",
    "Bairro": "São Sebastião de Belém"
  },
  {
    "Logradouro (Rua, Av. e etc)": "Rua Lourival Krause",
    "Bairro": "São Sebastião de Belém"
  },
  {
    "Logradouro (Rua, Av. e etc)": "Rua Nillo Gaiba",
    "Bairro": "São Sebastião de Belém"
  },
  {
    "Logradouro (Rua, Av. e etc)": "Rua Paulo Tesch",
    "Bairro": "São Sebastião de Belém"
  },
  {
    "Logradouro (Rua, Av. e etc)": "Rua Pavilhão Plaster",
    "Bairro": "São Sebastião de Belém"
  },
  {
    "Logradouro (Rua, Av. e etc)": "Rua Portelinha",
    "Bairro": "São Sebastião de Belém"
  },
  {
    "Logradouro (Rua, Av. e etc)": "Rua Rodolpho Lourenço João Berger",
    "Bairro": "São Sebastião de Belém"
  },
  {
    "Logradouro (Rua, Av. e etc)": "Rua Theodoro Berger",
    "Bairro": "São Sebastião de Belém"
  },
  {
    "Logradouro (Rua, Av. e etc)": "Rua Vitor Frederico Hifner",
    "Bairro": "São Sebastião de Belém"
  },
  {
    "Logradouro (Rua, Av. e etc)": "",
    "Bairro": ""
  },
  {
    "Logradouro (Rua, Av. e etc)": "Ladeira Florêncio Schultz",
    "Bairro": "São Sebastião do Meio"
  },
  {
    "Logradouro (Rua, Av. e etc)": "Rodovia Municipal Theodoro Alberto Hermano Schoenrock",
    "Bairro": "São Sebastião do Meio"
  },
  {
    "Logradouro (Rua, Av. e etc)": "Rua Adolfo Alberto Luiz Belz",
    "Bairro": "São Sebastião do Meio"
  },
  {
    "Logradouro (Rua, Av. e etc)": "Rua Alameda dos Ipês",
    "Bairro": "São Sebastião do Meio"
  },
  {
    "Logradouro (Rua, Av. e etc)": "Rua Albertina Thomaz Schultz",
    "Bairro": "São Sebastião do Meio"
  },
  {
    "Logradouro (Rua, Av. e etc)": "Rua Alvina Tesch Eggert",
    "Bairro": "São Sebastião do Meio"
  },
  {
    "Logradouro (Rua, Av. e etc)": "Rua Angelin Vesper",
    "Bairro": "São Sebastião do Meio"
  },
  {
    "Logradouro (Rua, Av. e etc)": "Rua Arthur Schwambach",
    "Bairro": "São Sebastião do Meio"
  },
  {
    "Logradouro (Rua, Av. e etc)": "Rua Bela Vista",
    "Bairro": "São Sebastião do Meio"
  },
  {
    "Logradouro (Rua, Av. e etc)": "Rua Carlos Frederico Reinke",
    "Bairro": "São Sebastião do Meio"
  },
  {
    "Logradouro (Rua, Av. e etc)": "Rua Clemente Berger",
    "Bairro": "São Sebastião do Meio"
  },
  {
    "Logradouro (Rua, Av. e etc)": "Rua Danilo Emilio Roberto Holz",
    "Bairro": "São Sebastião do Meio"
  },
  {
    "Logradouro (Rua, Av. e etc)": "Rua Elias Guilherme Schwanz",
    "Bairro": "São Sebastião do Meio"
  },
  {
    "Logradouro (Rua, Av. e etc)": "Rua Elza Ulicke Bullerjahn",
    "Bairro": "São Sebastião do Meio"
  },
  {
    "Logradouro (Rua, Av. e etc)": "Rua Erna Jacob Schoenrock",
    "Bairro": "São Sebastião do Meio"
  },
  {
    "Logradouro (Rua, Av. e etc)": "Rua Esthério Sebastião Colnago",
    "Bairro": "São Sebastião do Meio"
  },
  {
    "Logradouro (Rua, Av. e etc)": "Rua Florêncio Hermano Schulz",
    "Bairro": "São Sebastião do Meio"
  },
  {
    "Logradouro (Rua, Av. e etc)": "Rua Frieda Jacob Marquardt",
    "Bairro": "São Sebastião do Meio"
  },
  {
    "Logradouro (Rua, Av. e etc)": "Rua Germano Henrique Emilio Roose",
    "Bairro": "São Sebastião do Meio"
  },
  {
    "Logradouro (Rua, Av. e etc)": "Rua Henrique Eggert",
    "Bairro": "São Sebastião do Meio"
  },
  {
    "Logradouro (Rua, Av. e etc)": "Rua Janetta Emilia Schulz Ross",
    "Bairro": "São Sebastião do Meio"
  },
  {
    "Logradouro (Rua, Av. e etc)": "Rua Jequitibá",
    "Bairro": "São Sebastião do Meio"
  },
  {
    "Logradouro (Rua, Av. e etc)": "Rua João Schröeder",
    "Bairro": "São Sebastião do Meio"
  },
  {
    "Logradouro (Rua, Av. e etc)": "Rua José Antero de Sousa",
    "Bairro": "São Sebastião do Meio"
  },
  {
    "Logradouro (Rua, Av. e etc)": "Rua Laura Martha Francisca Schultz",
    "Bairro": "São Sebastião do Meio"
  },
  {
    "Logradouro (Rua, Av. e etc)": "Rua Luterana",
    "Bairro": "São Sebastião do Meio"
  },
  {
    "Logradouro (Rua, Av. e etc)": "Rua Nilo Albertino Stange",
    "Bairro": "São Sebastião do Meio"
  },
  {
    "Logradouro (Rua, Av. e etc)": "Rua Orivaldo Holz",
    "Bairro": "São Sebastião do Meio"
  },
  {
    "Logradouro (Rua, Av. e etc)": "Rua Paulo Gabrecht",
    "Bairro": "São Sebastião do Meio"
  },
  {
    "Logradouro (Rua, Av. e etc)": "Rua Raulino Braun",
    "Bairro": "São Sebastião do Meio"
  },
  {
    "Logradouro (Rua, Av. e etc)": "Rua Ricardo Marquardt",
    "Bairro": "São Sebastião do Meio"
  },
  {
    "Logradouro (Rua, Av. e etc)": "Rua Theodoro Augusto Schultz",
    "Bairro": "São Sebastião do Meio"
  },
  {
    "Logradouro (Rua, Av. e etc)": "Rua Zelinda Sperandio Corona",
    "Bairro": "São Sebastião do Meio"
  },
  {
    "Logradouro (Rua, Av. e etc)": "",
    "Bairro": ""
  },
  {
    "Logradouro (Rua, Av. e etc)": "Ladeira Esthério Sebastião Colnago",
    "Bairro": "Vila dos Italianos"
  },
  {
    "Logradouro (Rua, Av. e etc)": "Rodovia Dalmacio Espíndula",
    "Bairro": "Vila dos Italianos"
  },
  {
    "Logradouro (Rua, Av. e etc)": "Rua Alzira Maria Holanda Boldt",
    "Bairro": "Vila dos Italianos"
  },
  {
    "Logradouro (Rua, Av. e etc)": "Rua Augusto Otto Franz Luiz Zaager",
    "Bairro": "Vila dos Italianos"
  },
  {
    "Logradouro (Rua, Av. e etc)": "Rua das Bromélias",
    "Bairro": "Vila dos Italianos"
  },
  {
    "Logradouro (Rua, Av. e etc)": "Rua Eitel Jacob",
    "Bairro": "Vila dos Italianos"
  },
  {
    "Logradouro (Rua, Av. e etc)": "Rua Emilio Guilherme Lourenço Abeldt",
    "Bairro": "Vila dos Italianos"
  },
  {
    "Logradouro (Rua, Av. e etc)": "Rua Emílio Schwambach",
    "Bairro": "Vila dos Italianos"
  },
  {
    "Logradouro (Rua, Av. e etc)": "Rua Florentino Prasser",
    "Bairro": "Vila dos Italianos"
  },
  {
    "Logradouro (Rua, Av. e etc)": "Rua Gigante da Colina",
    "Bairro": "Vila dos Italianos"
  },
  {
    "Logradouro (Rua, Av. e etc)": "Rua Humberto Geraldo Prasser",
    "Bairro": "Vila dos Italianos"
  },
  {
    "Logradouro (Rua, Av. e etc)": "Rua Reginaldo Luiz Rudio",
    "Bairro": "Vila dos Italianos"
  },
  {
    "Logradouro (Rua, Av. e etc)": "Rua Shalom",
    "Bairro": "Vila dos Italianos"
  },
  {
    "Logradouro (Rua, Av. e etc)": "Rua Vista Linda",
    "Bairro": "Vila dos Italianos"
  },
  {
    "Logradouro (Rua, Av. e etc)": "",
    "Bairro": ""
  },
  {
    "Logradouro (Rua, Av. e etc)": "Rua Alberto da Felicidade",
    "Bairro": "Vila Felicidade"
  },
  {
    "Logradouro (Rua, Av. e etc)": "Rua Aninha Nitz",
    "Bairro": "Vila Felicidade"
  },
  {
    "Logradouro (Rua, Av. e etc)": "Rua Ida Stange Volz",
    "Bairro": "Vila Felicidade"
  },
  {
    "Logradouro (Rua, Av. e etc)": "Rua Valentim Kruger",
    "Bairro": "Vila Felicidade"
  },
  {
    "Logradouro (Rua, Av. e etc)": "",
    "Bairro": ""
  },
  {
    "Logradouro (Rua, Av. e etc)": "Rodovia Kurt Karl Ludwig Kerckhoff",
    "Bairro": "Vila Jetibá"
  },
  {
    "Logradouro (Rua, Av. e etc)": "Ladeira Evelina Stange",
    "Bairro": "Vila Jetibá"
  },
  {
    "Logradouro (Rua, Av. e etc)": "Rua 19 de Abril",
    "Bairro": "Vila Jetibá"
  },
  {
    "Logradouro (Rua, Av. e etc)": "Rua 1º de Maio",
    "Bairro": "Vila Jetibá"
  },
  {
    "Logradouro (Rua, Av. e etc)": "Rua 31 de Outubro",
    "Bairro": "Vila Jetibá"
  },
  {
    "Logradouro (Rua, Av. e etc)": "Rua Adalto Hilgert",
    "Bairro": "Vila Jetibá"
  },
  {
    "Logradouro (Rua, Av. e etc)": "Rua Alfredo Ratzke",
    "Bairro": "Vila Jetibá"
  },
  {
    "Logradouro (Rua, Av. e etc)": "Rua Arno Bull",
    "Bairro": "Vila Jetibá"
  },
  {
    "Logradouro (Rua, Av. e etc)": "Rua Augusto Isaak Carlos Guilherme Küster",
    "Bairro": "Vila Jetibá"
  },
  {
    "Logradouro (Rua, Av. e etc)": "Rua Bertholdo Butzke",
    "Bairro": "Vila Jetibá"
  },
  {
    "Logradouro (Rua, Av. e etc)": "Rua Campo Verde",
    "Bairro": "Vila Jetibá"
  },
  {
    "Logradouro (Rua, Av. e etc)": "Rua Cravo",
    "Bairro": "Vila Jetibá"
  },
  {
    "Logradouro (Rua, Av. e etc)": "Rua dos Pinheiros",
    "Bairro": "Vila Jetibá"
  },
  {
    "Logradouro (Rua, Av. e etc)": "Rua Eitel Kuster",
    "Bairro": "Vila Jetibá"
  },
  {
    "Logradouro (Rua, Av. e etc)": "Rua Emílio Nicolau Gustavo Stange",
    "Bairro": "Vila Jetibá"
  },
  {
    "Logradouro (Rua, Av. e etc)": "Rua Ermen Schulz",
    "Bairro": "Vila Jetibá"
  },
  {
    "Logradouro (Rua, Av. e etc)": "Rua Florêncio Guilherme Ott",
    "Bairro": "Vila Jetibá"
  },
  {
    "Logradouro (Rua, Av. e etc)": "Rua Frederico Stange",
    "Bairro": "Vila Jetibá"
  },
  {
    "Logradouro (Rua, Av. e etc)": "Rua Frieda Miertschink Stange",
    "Bairro": "Vila Jetibá"
  },
  {
    "Logradouro (Rua, Av. e etc)": "Rua Gardênia",
    "Bairro": "Vila Jetibá"
  },
  {
    "Logradouro (Rua, Av. e etc)": "Rua Guilherme Binow",
    "Bairro": "Vila Jetibá"
  },
  {
    "Logradouro (Rua, Av. e etc)": "Rua Günther Bull",
    "Bairro": "Vila Jetibá"
  },
  {
    "Logradouro (Rua, Av. e etc)": "Rua Henrique Hoffmann",
    "Bairro": "Vila Jetibá"
  },
  {
    "Logradouro (Rua, Av. e etc)": "Rua Hillary Potratz Bertotti",
    "Bairro": "Vila Jetibá"
  },
  {
    "Logradouro (Rua, Av. e etc)": "Rua José Bonifacio Gasperazzo",
    "Bairro": "Vila Jetibá"
  },
  {
    "Logradouro (Rua, Av. e etc)": "Rua Lúcia Küster Bull",
    "Bairro": "Vila Jetibá"
  },
  {
    "Logradouro (Rua, Av. e etc)": "Rua Luiz Emílio Barth",
    "Bairro": "Vila Jetibá"
  },
  {
    "Logradouro (Rua, Av. e etc)": "Rua Marcelino Walget",
    "Bairro": "Vila Jetibá"
  },
  {
    "Logradouro (Rua, Av. e etc)": "Rua Margarida",
    "Bairro": "Vila Jetibá"
  },
  {
    "Logradouro (Rua, Av. e etc)": "Rua Martim Hilgert",
    "Bairro": "Vila Jetibá"
  },
  {
    "Logradouro (Rua, Av. e etc)": "Rua Martinho Vervloet",
    "Bairro": "Vila Jetibá"
  },
  {
    "Logradouro (Rua, Av. e etc)": "Rua Ricardo Marquardt",
    "Bairro": "Vila Jetibá"
  },
  {
    "Logradouro (Rua, Av. e etc)": "Rua Rodolpho Alberto Vesper",
    "Bairro": "Vila Jetibá"
  },
  {
    "Logradouro (Rua, Av. e etc)": "Rua Rodolpho Jastrow",
    "Bairro": "Vila Jetibá"
  },
  {
    "Logradouro (Rua, Av. e etc)": "Rua Rosinéia Butzke Ferreira",
    "Bairro": "Vila Jetibá"
  },
  {
    "Logradouro (Rua, Av. e etc)": "Rua Rua Azaléia",
    "Bairro": "Vila Jetibá"
  },
  {
    "Logradouro (Rua, Av. e etc)": "Rua Rua Begônia",
    "Bairro": "Vila Jetibá"
  },
  {
    "Logradouro (Rua, Av. e etc)": "Rua Rua Rosa",
    "Bairro": "Vila Jetibá"
  },
  {
    "Logradouro (Rua, Av. e etc)": "Rua Sandra Lüdtke",
    "Bairro": "Vila Jetibá"
  },
  {
    "Logradouro (Rua, Av. e etc)": "Rua Sofia Litzkow Schulz",
    "Bairro": "Vila Jetibá"
  },
  {
    "Logradouro (Rua, Av. e etc)": "Rua Theodoro Emilio Guilherme Berendt",
    "Bairro": "Vila Jetibá"
  },
  {
    "Logradouro (Rua, Av. e etc)": "Rua Vera Stange",
    "Bairro": "Vila Jetibá"
  },
  {
    "Logradouro (Rua, Av. e etc)": "Rua Waldemar Storch",
    "Bairro": "Vila Jetibá"
  },
  {
    "Logradouro (Rua, Av. e etc)": "",
    "Bairro": ""
  },
  {
    "Logradouro (Rua, Av. e etc)": "Rua Alberto Nass",
    "Bairro": "Vila Nass"
  },
  {
    "Logradouro (Rua, Av. e etc)": "Rua João Meier",
    "Bairro": "Vila Nass"
  },
  {
    "Logradouro (Rua, Av. e etc)": "Rua Luiza Meier Nass",
    "Bairro": "Vila Nass"
  },
  {
    "Logradouro (Rua, Av. e etc)": "",
    "Bairro": ""
  },
  {
    "Logradouro (Rua, Av. e etc)": "Escadaria João Gomes de Oliveira",
    "Bairro": "Vila Nova"
  },
  {
    "Logradouro (Rua, Av. e etc)": "Escadaria Maurílio Pansini",
    "Bairro": "Vila Nova"
  },
  {
    "Logradouro (Rua, Av. e etc)": "Ladeira Cantinho do Céu",
    "Bairro": "Vila Nova"
  },
  {
    "Logradouro (Rua, Av. e etc)": "Rodovia Kurt Karl Ludwig Kerckhoff",
    "Bairro": "Vila Nova"
  },
  {
    "Logradouro (Rua, Av. e etc)": "Rua Alberto Carl Emil Marquardt",
    "Bairro": "Vila Nova"
  },
  {
    "Logradouro (Rua, Av. e etc)": "Rua Alberto Guilherme Augusto Marquardt",
    "Bairro": "Vila Nova"
  },
  {
    "Logradouro (Rua, Av. e etc)": "Rua Antônio Santos",
    "Bairro": "Vila Nova"
  },
  {
    "Logradouro (Rua, Av. e etc)": "Rua Cassia Bezerra Marquardt",
    "Bairro": "Vila Nova"
  },
  {
    "Logradouro (Rua, Av. e etc)": "Rua da Paz",
    "Bairro": "Vila Nova"
  },
  {
    "Logradouro (Rua, Av. e etc)": "Rua Florêncio Bausen",
    "Bairro": "Vila Nova"
  },
  {
    "Logradouro (Rua, Av. e etc)": "Rua Germano Marquardt",
    "Bairro": "Vila Nova"
  },
  {
    "Logradouro (Rua, Av. e etc)": "Rua Guilherme Flegler",
    "Bairro": "Vila Nova"
  },
  {
    "Logradouro (Rua, Av. e etc)": "Rua José Müller",
    "Bairro": "Vila Nova"
  },
  {
    "Logradouro (Rua, Av. e etc)": "Rua Lucy Ponath Marquardt",
    "Bairro": "Vila Nova"
  },
  {
    "Logradouro (Rua, Av. e etc)": "Rua Ludmila Mendes da Silva",
    "Bairro": "Vila Nova"
  },
  {
    "Logradouro (Rua, Av. e etc)": "Rua Orquídeas",
    "Bairro": "Vila Nova"
  },
  {
    "Logradouro (Rua, Av. e etc)": "Rua Robervaldo Jacob",
    "Bairro": "Vila Nova"
  },
  {
    "Logradouro (Rua, Av. e etc)": "Rua Tereza Stork",
    "Bairro": "Vila Nova"
  },
  {
    "Logradouro (Rua, Av. e etc)": "",
    "Bairro": ""
  },
  {
    "Logradouro (Rua, Av. e etc)": "Rua Marly Ramlow",
    "Bairro": "Vila Verde"
  },
  {
    "Logradouro (Rua, Av. e etc)": "Rua Ozório Nunes Gonçalves",
    "Bairro": "Vila Verde"
  },
  {
    "Logradouro (Rua, Av. e etc)": "",
    "Bairro": ""
  },
  {
    "Logradouro (Rua, Av. e etc)": "Rodovia Luiz Stange",
    "Bairro": "VIrada"
  },
  {
    "Logradouro (Rua, Av. e etc)": "Rua Augusto Carlos Vesper",
    "Bairro": "Virada"
  },
  {
    "Logradouro (Rua, Av. e etc)": "Rua Geliane Holz Reinholz",
    "Bairro": "Virada"
  },
  {
    "Logradouro (Rua, Av. e etc)": "Rua Helmut Gums",
    "Bairro": "Virada"
  },
  {
    "Logradouro (Rua, Av. e etc)": "Rua Henrique Emílio Alberto Marquard",
    "Bairro": "Virada"
  },
  {
    "Logradouro (Rua, Av. e etc)": "Rua Henrique Germano Frederico Holz",
    "Bairro": "Virada"
  },
  {
    "Logradouro (Rua, Av. e etc)": "Rua Olavo Berger",
    "Bairro": "Virada"
  },
  {
    "Logradouro (Rua, Av. e etc)": "Rua Paulo Holz",
    "Bairro": "Virada"
  },
  {
    "Logradouro (Rua, Av. e etc)": "Rua Rodolpho Alberto Hermann",
    "Bairro": "Virada"
  },
  {
    "Logradouro (Rua, Av. e etc)": "Rua Vandelino Schroeder",
    "Bairro": "Virada"
  },
  {
    "Logradouro (Rua, Av. e etc)": "Rua Vital Heidmann",
    "Bairro": "Virada"
  },
  {
    "Logradouro (Rua, Av. e etc)": "Rua Wanderley Schieffelbein",
    "Bairro": "Virada"
  },
  {
    "Logradouro (Rua, Av. e etc)": "",
    "Bairro": ""
  },
  {
    "Logradouro (Rua, Av. e etc)": "",
    "Bairro": ""
  },
  {
    "Logradouro (Rua, Av. e etc)": "CEP ZONA RURAL",
    "Bairro": ""
  }
]